#
# A fatal error has been detected by the Java Runtime Environment:
#
#  EXCEPTION_ACCESS_VIOLATION (0xc0000005) at pc=0x00007ffdb5a65b13, pid=20272, tid=17612
#
# JRE version: OpenJDK Runtime Environment Zulu21.40+17-CA (21.0.6+7) (build 21.0.6+7-LTS)
# Java VM: OpenJDK 64-Bit Server VM Zulu21.40+17-CA (21.0.6+7-LTS, mixed mode, sharing, tiered, compressed oops, compressed class ptrs, g1 gc, windows-amd64)
# Problematic frame:
# V  [jvm.dll+0x5d5b13]
#
# No core dump will be written. Minidumps are not enabled by default on client versions of Windows
#
# If you would like to submit a bug report, please visit:
#   http://www.azul.com/support/
#

---------------  S U M M A R Y ------------

Command Line: -javaagent:D:\java\IntelliJ IDEA 2024.2.4\lib\idea_rt.jar=55562:D:\java\IntelliJ IDEA 2024.2.4\bin -Dfile.encoding=UTF-8 -Dsun.stdout.encoding=UTF-8 -Dsun.stderr.encoding=UTF-8 Main

Host: AMD Ryzen 7 5800X 8-Core Processor             , 16 cores, 31G,  Windows 10 , 64 bit Build 19041 (10.0.19041.5678)
Time: Mon Apr 28 15:40:20 2025 Romance Daylight Time elapsed time: 5.772397 seconds (0d 0h 0m 5s)

---------------  T H R E A D  ---------------

Current thread (0x000001cd2116d1b0):  JavaThread "JavaFX Application Thread"        [_thread_in_vm, id=17612, stack(0x0000004c59b00000,0x0000004c59c00000) (1024K)]

Stack: [0x0000004c59b00000,0x0000004c59c00000],  sp=0x0000004c59bfd378,  free space=1012k
Native frames: (J=compiled Java code, j=interpreted, Vv=VM code, C=native code)
V  [jvm.dll+0x5d5b13]

Java frames: (J=compiled Java code, j=interpreted, Vv=VM code)
j  com.sun.glass.ui.win.WinView._exitFullscreen(JZ)V+0 javafx.graphics@21.0.6
j  com.sun.glass.ui.View.exitFullscreen(Z)V+13 javafx.graphics@21.0.6
j  com.sun.javafx.tk.quantum.WindowStage.applyFullScreen()V+325 javafx.graphics@21.0.6
j  com.sun.javafx.tk.quantum.WindowStage.setFullScreen(Z)V+50 javafx.graphics@21.0.6
j  com.sun.javafx.tk.quantum.WindowStage.exitFullScreen()V+2 javafx.graphics@21.0.6
j  com.sun.javafx.tk.quantum.WindowStage.setScene(Lcom/sun/javafx/tk/TKScene;)V+12 javafx.graphics@21.0.6
j  javafx.stage.Window$SceneModel.updatePeerScene(Lcom/sun/javafx/tk/TKScene;)V+18 javafx.graphics@21.0.6
j  javafx.stage.Window$SceneModel.invalidated()V+35 javafx.graphics@21.0.6
J 2668 c1 javafx.beans.property.ObjectPropertyBase.set(Ljava/lang/Object;)V javafx.base@21.0.6 (76 bytes) @ 0x000001ccbfab056c [0x000001ccbfab0020+0x000000000000054c]
j  javafx.stage.Window.setScene(Ljavafx/scene/Scene;)V+5 javafx.graphics@21.0.6
j  javafx.stage.Stage.setScene(Ljavafx/scene/Scene;)V+8 javafx.graphics@21.0.6
j  Vues.game.ChoiceView.showChoiceScene()V+188
j  Controleurs.Game.GameControleur.showChoiceView()V+14
j  Controleurs.Game.GameControleur.lambda$startMouvementLoop$4(Ljavafx/event/ActionEvent;)V+291
j  Controleurs.Game.GameControleur$$Lambda+0x000001ccdd234218.handle(Ljavafx/event/Event;)V+8
j  com.sun.scenario.animation.shared.TimelineClipCore.visitKeyFrame(IJ)V+58 javafx.graphics@21.0.6
J 4417 c1 com.sun.scenario.animation.shared.TimelineClipCore.playTo(J)V javafx.graphics@21.0.6 (353 bytes) @ 0x000001ccbfeff12c [0x000001ccbfefeb80+0x00000000000005ac]
J 4416 c1 javafx.animation.Timeline.doPlayTo(JJ)V javafx.graphics@21.0.6 (9 bytes) @ 0x000001ccbfefd9dc [0x000001ccbfefd940+0x000000000000009c]
J 4634 c2 javafx.animation.AnimationAccessorImpl.playTo(Ljavafx/animation/Animation;JJ)V javafx.graphics@21.0.6 (8 bytes) @ 0x000001ccc740cdf4 [0x000001ccc740cda0+0x0000000000000054]
J 4638 c2 javafx.animation.Animation$1.timePulse(J)V javafx.graphics@21.0.6 (56 bytes) @ 0x000001ccc740d8d0 [0x000001ccc740d4c0+0x0000000000000410]
J 4468 c1 com.sun.scenario.animation.AbstractPrimaryTimer.timePulseImpl(J)V javafx.graphics@21.0.6 (157 bytes) @ 0x000001ccbff1f28c [0x000001ccbff1f0a0+0x00000000000001ec]
J 4465 c1 com.sun.scenario.animation.AbstractPrimaryTimer$MainLoop.run()V javafx.graphics@21.0.6 (61 bytes) @ 0x000001ccbff1d36c [0x000001ccbff1d040+0x000000000000032c]
J 4464 c1 com.sun.javafx.tk.quantum.QuantumToolkit.pulse(Z)V javafx.graphics@21.0.6 (152 bytes) @ 0x000001ccbff20c9c [0x000001ccbff20420+0x000000000000087c]
J 4474 c1 com.sun.javafx.tk.quantum.QuantumToolkit$$Lambda+0x000001ccdd03cb60.run()V javafx.graphics@21.0.6 (8 bytes) @ 0x000001ccbff240d4 [0x000001ccbff23f80+0x0000000000000154]
J 3077 c1 com.sun.glass.ui.InvokeLaterDispatcher$Future.run()V javafx.graphics@21.0.6 (91 bytes) @ 0x000001ccbfba799c [0x000001ccbfba7880+0x000000000000011c]
v  ~StubRoutines::call_stub 0x000001ccc6a5100d
j  com.sun.glass.ui.win.WinApplication._runLoop(Ljava/lang/Runnable;)V+0 javafx.graphics@21.0.6
j  com.sun.glass.ui.win.WinApplication.lambda$runLoop$3(ILjava/lang/Runnable;)V+8 javafx.graphics@21.0.6
j  com.sun.glass.ui.win.WinApplication$$Lambda+0x000001ccdd0323d0.run()V+12 javafx.graphics@21.0.6
j  java.lang.Thread.runWith(Ljava/lang/Object;Ljava/lang/Runnable;)V+5 java.base@21.0.6
j  java.lang.Thread.run()V+19 java.base@21.0.6
v  ~StubRoutines::call_stub 0x000001ccc6a5100d

siginfo: EXCEPTION_ACCESS_VIOLATION (0xc0000005), reading address 0x000001cd457472be


Registers:
RAX=0x0000000000000032, RBX=0x00007ffe3928bd58, RCX=0x000001cd45746f6e, RDX=0x0000000000000032
RSP=0x0000004c59bfd378, RBP=0x0000004c59bfd451, RSI=0x000001cd2116d1b0, RDI=0x0000000000000001
R8 =0x0000000000000032, R9 =0x0000000000000001, R10=0x000001ccdd02b970, R11=0x0000004c59bfd490
R12=0x0000004c59bfd8b0, R13=0x0000004c59bfd4e0, R14=0x000001cd2a653aa0, R15=0x000001cd213cfb40
RIP=0x00007ffdb5a65b13, EFLAGS=0x0000000000010202

XMM[0]=0x0000000000000000 0x0000000000000000
XMM[1]=0x0000000000000000 0x0000000000000000
XMM[2]=0x0000000000000000 0x0000000000000000
XMM[3]=0x0000000000000000 0x0000000000000000
XMM[4]=0x0000000000000000 0x0000000000000000
XMM[5]=0x0000000000000000 0x0000000000000000
XMM[6]=0x0000000000000000 0x0000000000000000
XMM[7]=0x0000000000000000 0x0000000000000000
XMM[8]=0x0000000000000000 0x0000000000000000
XMM[9]=0x0000000000000000 0x0000000000000000
XMM[10]=0x0000000000000000 0x0000000000000000
XMM[11]=0x0000000000000000 0x0000000000000000
XMM[12]=0x0000000000000000 0x0000000000000000
XMM[13]=0x0000000000000000 0x0000000000000000
XMM[14]=0x0000000000000000 0x0000000000000000
XMM[15]=0x0000000000000000 0x0000000000000000
  MXCSR=0x00001fa3


Register to memory mapping:

RAX=0x0000000000000032 is an unknown value
RBX=0x00007ffe3928bd58 glass.dll
RCX=0x000001cd45746f6e is an unknown value
RDX=0x0000000000000032 is an unknown value
RSP=0x0000004c59bfd378 is pointing into the stack for thread: 0x000001cd2116d1b0
RBP=0x0000004c59bfd451 is pointing into the stack for thread: 0x000001cd2116d1b0
RSI=0x000001cd2116d1b0 is a thread
RDI=0x0000000000000001 is an unknown value
R8 =0x0000000000000032 is an unknown value
R9 =0x0000000000000001 is an unknown value
R10=0x000001ccdd02b970 is a pointer to class: 
com.sun.glass.ui.View {0x000001ccdd02b978}
 - instance size:     6
 - klass size:        133
 - access:            public synchronized abstract 
 - flags:             rewritten has_nonstatic_fields should_verify_class has_resolved_methods 
 - state:             fully_initialized
 - name:              'com/sun/glass/ui/View'
 - super:             'java/lang/Object'
 - sub:               'com/sun/glass/ui/win/WinView'   
 - arrays:            null
 - methods:           Array<T>(0x000001cd1d50ef80)
 - method ordering:   Array<T>(0x000001ccdcb7f4e0)
 - local interfaces:  Array<T>(0x000001ccdc663dc8)
 - trans. interfaces: Array<T>(0x000001ccdc663dc8)
 - constants:         constant pool [588]/operands[12] {0x000001cd1d50dbd8} for 'com/sun/glass/ui/View' cache=0x000001cd1da731a8
 - class loader data:  loader data: 0x000001cd210416d0 for instance a 'jdk/internal/loader/ClassLoaders$PlatformClassLoader'{0x00000006017a7f30}
 - source file:       'View.java'
 - inner classes:     Array<T>(0x000001cd1d5137b8)
 - nest members:     Array<T>(0x000001cd1d5137f0)
 - permitted subclasses:     Array<T>(0x000001ccdc663d50)
 - java mirror:       a 'java/lang/Class'{0x00000006021a40e0} = 'com/sun/glass/ui/View'
 - vtable length      74  (start addr: 0x000001ccdd02bb30)
 - itable length      2 (start addr: 0x000001ccdd02bd80)
 - ---- static fields (7 words):
 - public static final 'GESTURE_NO_VALUE' 'I' @136 
 - public static final 'GESTURE_NO_DOUBLE_VALUE' 'D' @120 
 - public static final 'IME_ATTR_INPUT' 'B' @156 
 - public static final 'IME_ATTR_TARGET_CONVERTED' 'B' @157 
 - public static final 'IME_ATTR_CONVERTED' 'B' @158 
 - public static final 'IME_ATTR_TARGET_NOTCONVERTED' 'B' @159 
 - public static final 'IME_ATTR_INPUT_ERROR' 'B' @160 
 - static final 'accessible' 'Z' @161 
 - private static 'lastClickedView' 'Ljava/lang/ref/WeakReference;' @112 
 - private static 'lastClickedButton' 'I' @140 
 - private static 'lastClickedTime' 'J' @128 
 - private static 'lastClickedX' 'I' @144 
 - private static 'lastClickedY' 'I' @148 
 - private static 'clickCount' 'I' @152 
 - private static 'dragProcessed' 'Z' @162 
 - ---- non-static fields (9 words):
 - private 'width' 'I' @12 
 - private volatile 'ptr' 'J' @16 
 - private 'height' 'I' @24 
 - private 'isValid' 'Z' @28 
 - private 'isVisible' 'Z' @29 
 - private 'inFullscreen' 'Z' @30 
 - private 'window' 'Lcom/sun/glass/ui/Window;' @32 
 - private 'eventHandler' 'Lcom/sun/glass/ui/View$EventHandler;' @36 
 - private 'dropSourceAssistant' 'Lcom/sun/glass/ui/ClipboardAssistance;' @40 
 - 'dropTargetAssistant' 'Lcom/sun/glass/ui/ClipboardAssistance;' @44 
 - non-static oop maps: 32-44 
R11=0x0000004c59bfd490 is pointing into the stack for thread: 0x000001cd2116d1b0
R12=0x0000004c59bfd8b0 is pointing into the stack for thread: 0x000001cd2116d1b0
R13=0x0000004c59bfd4e0 is pointing into the stack for thread: 0x000001cd2116d1b0
R14=0x000001cd2a653aa0 points into unknown readable memory: 0x000001cd1d5122b8 | b8 22 51 1d cd 01 00 00
R15=0x000001cd213cfb40 points into unknown readable memory: 0x00007ffe3928bd58 | 58 bd 28 39 fe 7f 00 00

Top of Stack: (sp=0x0000004c59bfd378)
0x0000004c59bfd378:   00007ffdb59059d9 0000000000000000
0x0000004c59bfd388:   0000000000000000 0000000040000000
0x0000004c59bfd398:   00007ffe41fae8cc 00000000c0000388
0x0000004c59bfd3a8:   00007ffe39261720 0000000000000002
0x0000004c59bfd3b8:   00007ffe41fae8cc 0000004c59bfd510
0x0000004c59bfd3c8:   0000004c59bfd4d0 0000000000000001
0x0000004c59bfd3d8:   00007ffe00000001 0000000000000000
0x0000004c59bfd3e8:   0000000000000000 0000000000000000
0x0000004c59bfd3f8:   00007ffe41fc6248 0000004c59bfd8b0
0x0000004c59bfd408:   000001cd2a005060 0000004c59bfd5a8
0x0000004c59bfd418:   00007ffdb5904b57 0000004c59bfd510
0x0000004c59bfd428:   0000000000000000 000001cd1d5122b8
0x0000004c59bfd438:   0000000000000000 000001cd1d5122b8
0x0000004c59bfd448:   000001cd2116d1b0 000001ccdc4d6728
0x0000004c59bfd458:   00007ffe0000000e 00000f1006a949a4
0x0000004c59bfd468:   00007ffe4202f070 000001cd2a005060
0x0000004c59bfd478:   0000000000000000 000001cd2116d570
0x0000004c59bfd488:   000001cd2a653aa0 0000004c59bfd5a8
0x0000004c59bfd498:   00007ffdb58f36b5 000001cd1d5122b8
0x0000004c59bfd4a8:   000001cd2116d1b0 00007ffdb5f18870
0x0000004c59bfd4b8:   000001cd2116d1b0 000001cd2a653aa0
0x0000004c59bfd4c8:   0000004c59bfd510 000001cd2116d1b0
0x0000004c59bfd4d8:   0000000000210144 000000860000000e
0x0000004c59bfd4e8:   0000027f00000330 000001cd2116d1b0
0x0000004c59bfd4f8:   0000000000000000 00007ffe43d6d3e0
0x0000004c59bfd508:   00007ffe3927b814 00007ffdb5f18870
0x0000004c59bfd518:   000001ccdc4d6728 0000004c0000000e
0x0000004c59bfd528:   000000000000015c 0000000000000000
0x0000004c59bfd538:   0000004c59bfd5a8 0000004c59bfd8b0
0x0000004c59bfd548:   0000000000000000 0000000000000000
0x0000004c59bfd558:   00007ffe3926531c 000001cd21618990
0x0000004c59bfd568:   0000000000000401 0000004c59bfd8b0 

Instructions: (pc=0x00007ffdb5a65b13)
0x00007ffdb5a65a13:   e8 18 7b af ff 48 85 c0 74 1f 48 8d 8e 88 00 00
0x00007ffdb5a65a23:   00 c7 40 08 02 00 00 00 48 89 48 20 48 89 58 10
0x00007ffdb5a65a33:   48 89 58 18 4c 89 38 eb 03 48 8b c3 48 8b d0 48
0x00007ffdb5a65a43:   8b cd e8 46 94 0c 00 45 33 c0 b2 18 41 8d 48 28
0x00007ffdb5a65a53:   e8 d8 7a af ff 48 85 c0 74 1f 48 8d 8e 90 00 00
0x00007ffdb5a65a63:   00 c7 40 08 02 00 00 00 48 89 48 20 48 89 58 10
0x00007ffdb5a65a73:   48 89 58 18 4c 89 38 eb 03 48 8b c3 48 8b d0 48
0x00007ffdb5a65a83:   8b cd e8 06 94 0c 00 83 be a0 00 00 00 00 8b fb
0x00007ffdb5a65a93:   4c 8b 7c 24 48 7e 55 4c 8d 35 2f a9 4a 00 45 33
0x00007ffdb5a65aa3:   c0 b2 18 41 8d 48 28 e8 81 7a af ff 48 85 c0 74
0x00007ffdb5a65ab3:   23 48 63 d7 48 83 c2 38 c7 40 08 02 00 00 00 48
0x00007ffdb5a65ac3:   89 58 10 48 89 58 18 4c 89 30 48 8d 14 d6 48 89
0x00007ffdb5a65ad3:   50 20 eb 03 48 8b c3 48 8b d0 48 8b cd e8 ab 93
0x00007ffdb5a65ae3:   0c 00 ff c7 3b be a0 00 00 00 7c b2 48 8b 5c 24
0x00007ffdb5a65af3:   50 48 8b 6c 24 58 48 83 c4 20 41 5e 5f 5e c3 cc
0x00007ffdb5a65b03:   cc cc cc cc cc cc cc cc cc cc cc cc cc 48 63 c2
0x00007ffdb5a65b13:   48 8b 84 c1 c0 01 00 00 c3 cc cc cc cc 48 89 5c
0x00007ffdb5a65b23:   24 08 48 89 6c 24 10 48 89 74 24 18 57 41 54 41
0x00007ffdb5a65b33:   55 41 56 41 57 48 83 ec 20 48 8b 99 88 00 00 00
0x00007ffdb5a65b43:   44 0f b6 e2 48 85 db 0f 84 37 01 00 00 8b 0d 12
0x00007ffdb5a65b53:   3f 75 00 65 48 8b 04 25 58 00 00 00 be 70 00 00
0x00007ffdb5a65b63:   00 bd 20 00 00 00 4c 8d 2c c8 0f 1f 00 48 8b 8b
0x00007ffdb5a65b73:   98 00 00 00 e8 f4 0b c6 ff 84 c0 0f 85 22 01 00
0x00007ffdb5a65b83:   00 45 84 e4 0f 84 ea 00 00 00 48 8b 05 ec c2 70
0x00007ffdb5a65b93:   00 48 85 c0 0f 84 da 00 00 00 49 8b 7d 00 8b c6
0x00007ffdb5a65ba3:   80 3c 38 00 75 05 e8 1a b5 3a 00 8b c5 48 8b 0c
0x00007ffdb5a65bb3:   38 48 8b 05 c5 c2 70 00 48 8b b9 20 03 00 00 48
0x00007ffdb5a65bc3:   8b 77 10 48 8b 6f 18 4c 8b 77 20 4c 8b 7f 28 48
0x00007ffdb5a65bd3:   85 c0 74 6b 8b 43 0c 83 f8 04 7f 18 8b 83 a4 00
0x00007ffdb5a65be3:   00 00 c1 e8 1a a8 01 74 30 48 8b 4b 18 e8 fb f2
0x00007ffdb5a65bf3:   ff ff eb 3c 83 f8 06 75 20 48 8b 83 d8 00 00 00
0x00007ffdb5a65c03:   8b 88 a4 00 00 00 c1 e9 1a f6 c1 01 74 0b 48 8b 


Stack slot to memory mapping:

stack at sp + 0 slots: 0x00007ffdb59059d9 jvm.dll
stack at sp + 1 slots: 0x0 is null
stack at sp + 2 slots: 0x0 is null
stack at sp + 3 slots: 0x0000000040000000 is an unknown value
stack at sp + 4 slots: 0x00007ffe41fae8cc USER32.dll
stack at sp + 5 slots: 0x00000000c0000388 is an unknown value
stack at sp + 6 slots: 0x00007ffe39261720 glass.dll
stack at sp + 7 slots: 0x0000000000000002 is an unknown value


Compiled method (c1) 5808 2668       3       javafx.beans.property.ObjectPropertyBase::set (76 bytes)
 total in heap  [0x000001ccbfaafd90,0x000001ccbfab0d58] = 4040
 relocation     [0x000001ccbfaafef0,0x000001ccbfab0008] = 280
 main code      [0x000001ccbfab0020,0x000001ccbfab0a20] = 2560
 stub code      [0x000001ccbfab0a20,0x000001ccbfab0af8] = 216
 oops           [0x000001ccbfab0af8,0x000001ccbfab0b00] = 8
 metadata       [0x000001ccbfab0b00,0x000001ccbfab0b20] = 32
 scopes data    [0x000001ccbfab0b20,0x000001ccbfab0be8] = 200
 scopes pcs     [0x000001ccbfab0be8,0x000001ccbfab0d38] = 336
 dependencies   [0x000001ccbfab0d38,0x000001ccbfab0d40] = 8
 nul chk table  [0x000001ccbfab0d40,0x000001ccbfab0d58] = 24

[Constant Pool (empty)]

[MachCode]
[Entry Point]
  # {method} {0x000001cd1d43ab68} 'set' '(Ljava/lang/Object;)V' in 'javafx/beans/property/ObjectPropertyBase'
  # this:     rdx:rdx   = 'javafx/beans/property/ObjectPropertyBase'
  # parm0:    r8:r8     = 'java/lang/Object'
  #           [sp+0x70]  (sp of caller)
  0x000001ccbfab0020: 448b 5208 | 49bb 0000 | 00dc cc01 | 0000 4d03 | d34c 3bd0 

  0x000001ccbfab0034: ;   {runtime_call ic_miss_stub}
  0x000001ccbfab0034: 0f85 46e7 | fe06 660f | 1f44 0000 
[Verified Entry Point]
  0x000001ccbfab0040: 8984 2400 | 80ff ff55 | 4883 ec60 | 4181 7f20 | 0100 0000 

  0x000001ccbfab0054: ;   {runtime_call StubRoutines (final stubs)}
  0x000001ccbfab0054: 7405 e805 | 4dfd 0648 | 8954 2440 

  0x000001ccbfab0060: ;   {metadata(method data for {method} {0x000001cd1d43ab68} 'set' '(Ljava/lang/Object;)V' in 'javafx/beans/property/ObjectPropertyBase')}
  0x000001ccbfab0060: 48be 089c | d51d cd01 | 0000 8bbe | cc00 0000 | 83c7 0289 | becc 0000 | 0081 e7fe | 0700 0085 
  0x000001ccbfab0080: ff0f 845f | 0800 0048 

  0x000001ccbfab0088: ;   {metadata(method data for {method} {0x000001cd1d43ab68} 'set' '(Ljava/lang/Object;)V' in 'javafx/beans/property/ObjectPropertyBase')}
  0x000001ccbfab0088: 8bf2 48bf | 089c d51d | cd01 0000 | 8b76 0849 | ba00 0000 | dccc 0100 | 0049 03f2 | 483b b720 
  0x000001ccbfab00a8: 0100 0075 | 0d48 8387 | 2801 0000 | 01e9 6000 | 0000 483b | b730 0100 | 0075 0d48 | 8387 3801 
  0x000001ccbfab00c8: 0000 01e9 | 4a00 0000 | 4883 bf20 | 0100 0000 | 7517 4889 | b720 0100 | 0048 c787 | 2801 0000 
  0x000001ccbfab00e8: 0100 0000 | e929 0000 | 0048 83bf | 3001 0000 | 0075 1748 | 89b7 3001 | 0000 48c7 | 8738 0100 
  0x000001ccbfab0108: 0001 0000 | 00e9 0800 | 0000 4883 | 8710 0100 

  0x000001ccbfab0118: ;   {metadata(method data for {method} {0x000001cd1d43ac58} 'isBound' '()Z' in 'javafx/beans/property/ObjectPropertyBase')}
  0x000001ccbfab0118: 0001 48be | a881 c61d | cd01 0000 | 8bbe cc00 | 0000 83c7 | 0289 becc | 0000 0081 | e7fe ff1f 
  0x000001ccbfab0138: 0085 ff0f | 84c6 0700 | 008b 7214 | 48c1 e603 

  0x000001ccbfab0148: ;   {metadata(method data for {method} {0x000001cd1d43ac58} 'isBound' '()Z' in 'javafx/beans/property/ObjectPropertyBase')}
  0x000001ccbfab0148: 4885 f648 | bea8 81c6 | 1dcd 0100 | 0048 c7c7 | 1001 0000 | 7407 48c7 | c720 0100 | 0048 8b04 
  0x000001ccbfab0168: 3e48 8d40 | 0148 8904 | 3e0f 841a 

  0x000001ccbfab0174: ;   {metadata(method data for {method} {0x000001cd1d43ac58} 'isBound' '()Z' in 'javafx/beans/property/ObjectPropertyBase')}
  0x000001ccbfab0174: 0000 0048 | bea8 81c6 | 1dcd 0100 | 00ff 8630 | 0100 00be | 0100 0000 | e905 0000 | 00be 0000 
  0x000001ccbfab0194: 0000 83e6 

  0x000001ccbfab0198: ;   {metadata(method data for {method} {0x000001cd1d43ab68} 'set' '(Ljava/lang/Object;)V' in 'javafx/beans/property/ObjectPropertyBase')}
  0x000001ccbfab0198: 0185 f648 | be08 9cd5 | 1dcd 0100 | 0048 c7c7 | 4801 0000 | 7407 48c7 | c758 0100 | 0048 8b04 
  0x000001ccbfab01b8: 3e48 8d40 | 0148 8904 | 3e0f 8429 | 0200 0048 | 8bda 660f | 1f44 0000 

  0x000001ccbfab01d0: ;   {no_reloc}
  0x000001ccbfab01d0: e962 0700 | 0000 0000 | 0000 498b | 87b8 0100 | 0048 8d78 | 2849 3bbf | c801 0000 | 0f87 4f07 
  0x000001ccbfab01f0: 0000 4989 | bfb8 0100 | 0048 c700 | 0100 0000 | 488b ca49 | ba00 0000 | dccc 0100 | 0049 2bca 
  0x000001ccbfab0210: 8948 0848 | 33c9 8948 | 0c48 33c9 | 4889 4810 | 4889 4818 | 4889 4820 | 4889 4424 | 4848 8bd3 
  0x000001ccbfab0230: ;   {metadata(method data for {method} {0x000001cd1d43ab68} 'set' '(Ljava/lang/Object;)V' in 'javafx/beans/property/ObjectPropertyBase')}
  0x000001ccbfab0230: 48be 089c | d51d cd01 | 0000 8b52 | 0849 ba00 | 0000 dccc | 0100 0049 | 03d2 483b | 9678 0100 
  0x000001ccbfab0250: 0075 0d48 | 8386 8001 | 0000 01e9 | 6000 0000 | 483b 9688 | 0100 0075 | 0d48 8386 | 9001 0000 
  0x000001ccbfab0270: 01e9 4a00 | 0000 4883 | be78 0100 | 0000 7517 | 4889 9678 | 0100 0048 | c786 8001 | 0000 0100 
  0x000001ccbfab0290: 0000 e929 | 0000 0048 | 83be 8801 | 0000 0075 | 1748 8996 | 8801 0000 | 48c7 8690 | 0100 0001 
  0x000001ccbfab02b0: 0000 00e9 | 0800 0000 | 4883 8668 | 0100 0001 | 488b d366 | 9048 b8ff | ffff ffff 

  0x000001ccbfab02cc: ;   {virtual_call}
  0x000001ccbfab02cc: ffff ffe8 

  0x000001ccbfab02d0: ; ImmutableOopMap {[64]=Oop [72]=Oop }
                      ;*invokevirtual getBean {reexecute=0 rethrow=0 return_oop=0}
                      ; - javafx.beans.property.ObjectPropertyBase::set@12 (line 142)
  0x000001ccbfab02d0: acea fe06 

  0x000001ccbfab02d4: ;   {other}
  0x000001ccbfab02d4: 0f1f 8400 | 4405 0000 

  0x000001ccbfab02dc: ;   {metadata(method data for {method} {0x000001cd1d43ab68} 'set' '(Ljava/lang/Object;)V' in 'javafx/beans/property/ObjectPropertyBase')}
  0x000001ccbfab02dc: 4885 c048 | ba08 9cd5 | 1dcd 0100 | 0048 c7c6 | a001 0000 | 7407 48c7 | c6b0 0100 | 0048 8b3c 
  0x000001ccbfab02fc: 3248 8d7f | 0148 893c | 320f 8434 | 0300 0048 | 8b54 2440 

  0x000001ccbfab0310: ;   {metadata(method data for {method} {0x000001cd1d43ab68} 'set' '(Ljava/lang/Object;)V' in 'javafx/beans/property/ObjectPropertyBase')}
  0x000001ccbfab0310: 48be 089c | d51d cd01 | 0000 8b52 | 0849 ba00 | 0000 dccc | 0100 0049 | 03d2 483b | 96d0 0100 
  0x000001ccbfab0330: 0075 0d48 | 8386 d801 | 0000 01e9 | 6000 0000 | 483b 96e0 | 0100 0075 | 0d48 8386 | e801 0000 
  0x000001ccbfab0350: 01e9 4a00 | 0000 4883 | bed0 0100 | 0000 7517 | 4889 96d0 | 0100 0048 | c786 d801 | 0000 0100 
  0x000001ccbfab0370: 0000 e929 | 0000 0048 | 83be e001 | 0000 0075 | 1748 8996 | e001 0000 | 48c7 86e8 | 0100 0001 
  0x000001ccbfab0390: 0000 00e9 | 0800 0000 | 4883 86c0 | 0100 0001 | 488b 5424 | 4048 b8ff | ffff ffff 

  0x000001ccbfab03ac: ;   {virtual_call}
  0x000001ccbfab03ac: ffff ffe8 

  0x000001ccbfab03b0: ; ImmutableOopMap {[64]=Oop [72]=Oop }
                      ;*invokevirtual getName {reexecute=0 rethrow=0 return_oop=0}
                      ; - javafx.beans.property.ObjectPropertyBase::set@19 (line 142)
  0x000001ccbfab03b0: cce9 fe06 

  0x000001ccbfab03b4: ;   {other}
  0x000001ccbfab03b4: 0f1f 8400 | 2406 0001 

  0x000001ccbfab03bc: ;   {metadata(method data for {method} {0x000001cd1d43ab68} 'set' '(Ljava/lang/Object;)V' in 'javafx/beans/property/ObjectPropertyBase')}
  0x000001ccbfab03bc: 4885 c048 | ba08 9cd5 | 1dcd 0100 | 0048 c7c6 | f801 0000 | 7407 48c7 | c608 0200 | 0048 8b3c 
  0x000001ccbfab03dc: 3248 8d7f | 0148 893c | 320f 8454 | 0200 00e9 | 5e02 0000 | 8b72 1048 | c1e6 0349 

  0x000001ccbfab03f8: ;   {metadata(method data for {method} {0x000001cd1d43ab68} 'set' '(Ljava/lang/Object;)V' in 'javafx/beans/property/ObjectPropertyBase')}
  0x000001ccbfab03f8: 3bf0 48be | 089c d51d | cd01 0000 | 48c7 c790 | 0300 0074 | 0748 c7c7 | a003 0000 | 488b 1c3e 
  0x000001ccbfab0418: 488d 5b01 | 4889 1c3e | 0f84 0602 | 0000 410f | be77 4085 | f60f 851b | 0500 004d | 8bd0 49c1 
  0x000001ccbfab0438: ea03 4489 | 5210 488b | f249 33f0 | 48c1 ee16 | 4883 fe00 | 0f85 1b05 | 0000 488b 

  0x000001ccbfab0454: ;   {metadata(method data for {method} {0x000001cd1d43ab68} 'set' '(Ljava/lang/Object;)V' in 'javafx/beans/property/ObjectPropertyBase')}
  0x000001ccbfab0454: f248 bf08 | 9cd5 1dcd | 0100 0048 | 8387 b003 

  0x000001ccbfab0464: ;   {metadata(method data for {method} {0x000001cd1d43a8d8} 'markInvalid' '()V' in 'javafx/beans/property/ObjectPropertyBase')}
  0x000001ccbfab0464: 0000 0148 | be38 a0d5 | 1dcd 0100 | 008b becc | 0000 0083 | c702 89be | cc00 0000 | 81e7 feff 
  0x000001ccbfab0484: 1f00 85ff | 0f84 f704 | 0000 0fbe | 720c 85f6 

  0x000001ccbfab0494: ;   {metadata(method data for {method} {0x000001cd1d43a8d8} 'markInvalid' '()V' in 'javafx/beans/property/ObjectPropertyBase')}
  0x000001ccbfab0494: 48be 38a0 | d51d cd01 | 0000 48c7 | c710 0100 | 0074 0748 | c7c7 2001 | 0000 488b | 1c3e 488d 
  0x000001ccbfab04b4: 5b01 4889 | 1c3e 0f84 | 6c01 0000 | c642 0c00 

  0x000001ccbfab04c4: ;   {metadata(method data for {method} {0x000001cd1d43a8d8} 'markInvalid' '()V' in 'javafx/beans/property/ObjectPropertyBase')}
  0x000001ccbfab04c4: 488b f248 | bf38 a0d5 | 1dcd 0100 | 008b 7608 | 49ba 0000 | 00dc cc01 | 0000 4903 | f248 3bb7 
  0x000001ccbfab04e4: 4001 0000 | 750d 4883 | 8748 0100 | 0001 e960 | 0000 0048 | 3bb7 5001 | 0000 750d | 4883 8758 
  0x000001ccbfab0504: 0100 0001 | e94a 0000 | 0048 83bf | 4001 0000 | 0075 1748 | 89b7 4001 | 0000 48c7 | 8748 0100 
  0x000001ccbfab0524: 0001 0000 | 00e9 2900 | 0000 4883 | bf50 0100 | 0000 7517 | 4889 b750 | 0100 0048 | c787 5801 
  0x000001ccbfab0544: 0000 0100 | 0000 e908 | 0000 0048 | 8387 3001 | 0000 0148 | 8bf2 488b | d648 b8ff | ffff ffff 
  0x000001ccbfab0564: ;   {virtual_call}
  0x000001ccbfab0564: ffff ffe8 

  0x000001ccbfab0568: ; ImmutableOopMap {[64]=Oop }
                      ;*invokevirtual invalidated {reexecute=0 rethrow=0 return_oop=0}
                      ; - javafx.beans.property.ObjectPropertyBase::markInvalid@13 (line 112)
                      ; - javafx.beans.property.ObjectPropertyBase::set@72 (line 147)
  0x000001ccbfab0568: fcd8 0b07 

  0x000001ccbfab056c: ;   {other}
  0x000001ccbfab056c: 0f1f 8400 | dc07 0002 | 488b 5424 

  0x000001ccbfab0578: ;   {metadata(method data for {method} {0x000001cd1d43a8d8} 'markInvalid' '()V' in 'javafx/beans/property/ObjectPropertyBase')}
  0x000001ccbfab0578: 4048 be38 | a0d5 1dcd | 0100 008b | 5208 49ba | 0000 00dc | cc01 0000 | 4903 d248 | 3b96 7801 
  0x000001ccbfab0598: 0000 750d | 4883 8680 | 0100 0001 | e960 0000 | 0048 3b96 | 8801 0000 | 750d 4883 | 8690 0100 
  0x000001ccbfab05b8: 0001 e94a | 0000 0048 | 83be 7801 | 0000 0075 | 1748 8996 | 7801 0000 | 48c7 8680 | 0100 0001 
  0x000001ccbfab05d8: 0000 00e9 | 2900 0000 | 4883 be88 | 0100 0000 | 7517 4889 | 9688 0100 | 0048 c786 | 9001 0000 
  0x000001ccbfab05f8: 0100 0000 | e908 0000 | 0048 8386 | 6801 0000 | 0148 8b54 | 2440 0f1f | 8000 0000 | 0048 b8ff 
  0x000001ccbfab0618: ffff ffff 

  0x000001ccbfab061c: ;   {virtual_call}
  0x000001ccbfab061c: ffff ffe8 

  0x000001ccbfab0620: ; ImmutableOopMap {}
                      ;*invokevirtual fireValueChangedEvent {reexecute=0 rethrow=0 return_oop=0}
                      ; - javafx.beans.property.ObjectPropertyBase::markInvalid@17 (line 113)
                      ; - javafx.beans.property.ObjectPropertyBase::set@72 (line 147)
  0x000001ccbfab0620: 6c4d 3007 

  0x000001ccbfab0624: ;   {other}
  0x000001ccbfab0624: 0f1f 8400 | 9408 0003 | 4883 c460 

  0x000001ccbfab0630: ;   {poll_return}
  0x000001ccbfab0630: 5d49 3ba7 | 5004 0000 | 0f87 6803 

  0x000001ccbfab063c: ;   {oop(""{0x00000006017b4878})}
  0x000001ccbfab063c: 0000 c348 | be78 487b | 0106 0000 | 00e9 2102 | 0000 488b | 5424 4048 

  0x000001ccbfab0654: ;   {metadata(method data for {method} {0x000001cd1d43ab68} 'set' '(Ljava/lang/Object;)V' in 'javafx/beans/property/ObjectPropertyBase')}
  0x000001ccbfab0654: 8bf2 48bf | 089c d51d | cd01 0000 | 8b76 0849 | ba00 0000 | dccc 0100 | 0049 03f2 | 483b b728 
  0x000001ccbfab0674: 0200 0075 | 0d48 8387 | 3002 0000 | 01e9 6000 | 0000 483b | b738 0200 | 0075 0d48 | 8387 4002 
  0x000001ccbfab0694: 0000 01e9 | 4a00 0000 | 4883 bf28 | 0200 0000 | 7517 4889 | b728 0200 | 0048 c787 | 3002 0000 
  0x000001ccbfab06b4: 0100 0000 | e929 0000 | 0048 83bf | 3802 0000 | 0075 1748 | 89b7 3802 | 0000 48c7 | 8740 0200 
  0x000001ccbfab06d4: 0001 0000 | 00e9 0800 | 0000 4883 | 8718 0200 | 0001 488b | f248 8bd6 | 9048 b8ff | ffff ffff 
  0x000001ccbfab06f4: ;   {virtual_call}
  0x000001ccbfab06f4: ffff ffe8 

  0x000001ccbfab06f8: ; ImmutableOopMap {[64]=Oop [72]=Oop }
                      ;*invokevirtual getBean {reexecute=0 rethrow=0 return_oop=0}
                      ; - javafx.beans.property.ObjectPropertyBase::set@26 (line 143)
  0x000001ccbfab06f8: 84e6 fe06 

  0x000001ccbfab06fc: ;   {other}
  0x000001ccbfab06fc: 0f1f 8400 | 6c09 0004 

  0x000001ccbfab0704: ; implicit exception: dispatches to 0x000001ccbfab09bc
  0x000001ccbfab0704: 483b 0048 

  0x000001ccbfab0708: ;   {metadata(method data for {method} {0x000001cd1d43ab68} 'set' '(Ljava/lang/Object;)V' in 'javafx/beans/property/ObjectPropertyBase')}
  0x000001ccbfab0708: 8bd0 48be | 089c d51d | cd01 0000 | 4883 8650 | 0200 0001 | 8b50 0849 | ba00 0000 | dccc 0100 
  0x000001ccbfab0728: 0049 03d2 | 488b 5270 | 488b 1248 | 3b02 488b 

  0x000001ccbfab0738: ;   {metadata(method data for {method} {0x000001cd1d43ab68} 'set' '(Ljava/lang/Object;)V' in 'javafx/beans/property/ObjectPropertyBase')}
  0x000001ccbfab0738: f248 bf08 | 9cd5 1dcd | 0100 0048 | 8387 8802 | 0000 010f 

  0x000001ccbfab074c: ;   {optimized virtual_call}
  0x000001ccbfab074c: 1f40 00e8 

  0x000001ccbfab0750: ; ImmutableOopMap {[64]=Oop [72]=Oop }
                      ;*invokevirtual getSimpleName {reexecute=0 rethrow=0 return_oop=0}
                      ; - javafx.beans.property.ObjectPropertyBase::set@32 (line 143)
  0x000001ccbfab0750: 2ce3 fe06 

  0x000001ccbfab0754: ;   {other}
  0x000001ccbfab0754: 0f1f 8400 | c409 0005 | 488b 5424 

  0x000001ccbfab0760: ;   {metadata(method data for {method} {0x000001cd1d43ab68} 'set' '(Ljava/lang/Object;)V' in 'javafx/beans/property/ObjectPropertyBase')}
  0x000001ccbfab0760: 4048 be08 | 9cd5 1dcd | 0100 008b | 5208 49ba | 0000 00dc | cc01 0000 | 4903 d248 | 3b96 d002 
  0x000001ccbfab0780: 0000 750d | 4883 86d8 | 0200 0001 | e960 0000 | 0048 3b96 | e002 0000 | 750d 4883 | 86e8 0200 
  0x000001ccbfab07a0: 0001 e94a | 0000 0048 | 83be d002 | 0000 0075 | 1748 8996 | d002 0000 | 48c7 86d8 | 0200 0001 
  0x000001ccbfab07c0: 0000 00e9 | 2900 0000 | 4883 bee0 | 0200 0000 | 7517 4889 | 96e0 0200 | 0048 c786 | e802 0000 
  0x000001ccbfab07e0: 0100 0000 | e908 0000 | 0048 8386 | c002 0000 | 0148 8b54 | 2440 4889 | 4424 5066 | 9048 b8ff 
  0x000001ccbfab0800: ffff ffff 

  0x000001ccbfab0804: ;   {virtual_call}
  0x000001ccbfab0804: ffff ffe8 

  0x000001ccbfab0808: ; ImmutableOopMap {[72]=Oop [80]=Oop }
                      ;*invokevirtual getName {reexecute=0 rethrow=0 return_oop=0}
                      ; - javafx.beans.property.ObjectPropertyBase::set@36 (line 143)
  0x000001ccbfab0808: 74e5 fe06 

  0x000001ccbfab080c: ;   {other}
  0x000001ccbfab080c: 0f1f 8400 | 7c0a 0006 | 0f1f 4000 

  0x000001ccbfab0818: ;   {no_reloc}
  0x000001ccbfab0818: e9b8 0100 | 0090 9090 | 9090 488b | 5424 504c | 8bc0 0f1f 

  0x000001ccbfab082c: ;   {static_call}
  0x000001ccbfab082c: 4400 00e8 

  0x000001ccbfab0830: ; ImmutableOopMap {[72]=Oop }
                      ;*invokedynamic {reexecute=0 rethrow=0 return_oop=0}
                      ; - javafx.beans.property.ObjectPropertyBase::set@39 (line 143)
  0x000001ccbfab0830: 4ce8 fe06 

  0x000001ccbfab0834: ;   {other}
  0x000001ccbfab0834: 0f1f 8400 | a40a 0007 

  0x000001ccbfab083c: ;   {metadata(method data for {method} {0x000001cd1d43ab68} 'set' '(Ljava/lang/Object;)V' in 'javafx/beans/property/ObjectPropertyBase')}
  0x000001ccbfab083c: 48ba 089c | d51d cd01 | 0000 488d | 9228 0300 | 0048 85c0 | 750a f602 | 0175 05f0 | 4883 0a01 
  0x000001ccbfab085c: ;   {metadata(method data for {method} {0x000001cd1d43ab68} 'set' '(Ljava/lang/Object;)V' in 'javafx/beans/property/ObjectPropertyBase')}
  0x000001ccbfab085c: 48ba 089c | d51d cd01 | 0000 ff82 | 3803 0000 | 488b f090 

  0x000001ccbfab0870: ;   {no_reloc}
  0x000001ccbfab0870: e979 0100 | 0090 9090 | 9090 488b 

  0x000001ccbfab087c: ;   {static_call}
  0x000001ccbfab087c: d666 90e8 

  0x000001ccbfab0880: ; ImmutableOopMap {[72]=Oop }
                      ;*invokedynamic {reexecute=0 rethrow=0 return_oop=0}
                      ; - javafx.beans.property.ObjectPropertyBase::set@49 (line 143)
  0x000001ccbfab0880: fce7 fe06 

  0x000001ccbfab0884: ;   {other}
  0x000001ccbfab0884: 0f1f 8400 | f40a 0008 

  0x000001ccbfab088c: ;   {metadata(method data for {method} {0x000001cd1d43ab68} 'set' '(Ljava/lang/Object;)V' in 'javafx/beans/property/ObjectPropertyBase')}
  0x000001ccbfab088c: 49b8 089c | d51d cd01 | 0000 4d8d | 8070 0300 | 0048 85c0 | 750b 41f6 | 0001 7505 | f049 8308 
  0x000001ccbfab08ac: 014c 8b44 

  0x000001ccbfab08b0: ;   {metadata(method data for {method} {0x000001cd1d43ab68} 'set' '(Ljava/lang/Object;)V' in 'javafx/beans/property/ObjectPropertyBase')}
  0x000001ccbfab08b0: 2448 48ba | 089c d51d | cd01 0000 | 4883 8280 | 0300 0001 | 4c8b c048 | 8b54 2448 

  0x000001ccbfab08cc: ;   {optimized virtual_call}
  0x000001ccbfab08cc: 6666 90e8 

  0x000001ccbfab08d0: ; ImmutableOopMap {[72]=Oop }
                      ;*invokespecial <init> {reexecute=0 rethrow=0 return_oop=0}
                      ; - javafx.beans.property.ObjectPropertyBase::set@54 (line 143)
  0x000001ccbfab08d0: ace1 fe06 

  0x000001ccbfab08d4: ;   {other}
  0x000001ccbfab08d4: 0f1f 8400 | 440b 0009 | 488b 4424 | 48e9 2f01 

  0x000001ccbfab08e4: ;   {metadata({method} {0x000001cd1d43ab68} 'set' '(Ljava/lang/Object;)V' in 'javafx/beans/property/ObjectPropertyBase')}
  0x000001ccbfab08e4: 0000 49ba | 60ab 431d | cd01 0000 | 4c89 5424 | 0848 c704 | 24ff ffff 

  0x000001ccbfab08fc: ;   {runtime_call counter_overflow Runtime1 stub}
  0x000001ccbfab08fc: ffe8 fe6a 

  0x000001ccbfab0900: ; ImmutableOopMap {rdx=Oop r8=Oop [64]=Oop }
                      ;*synchronization entry
                      ; - javafx.beans.property.ObjectPropertyBase::set@-1 (line 141)
  0x000001ccbfab0900: 0b07 e980 

  0x000001ccbfab0904: ;   {metadata({method} {0x000001cd1d43ac58} 'isBound' '()Z' in 'javafx/beans/property/ObjectPropertyBase')}
  0x000001ccbfab0904: f7ff ff49 | ba50 ac43 | 1dcd 0100 | 004c 8954 | 2408 48c7 | 0424 ffff 

  0x000001ccbfab091c: ;   {runtime_call counter_overflow Runtime1 stub}
  0x000001ccbfab091c: ffff e8dd 

  0x000001ccbfab0920: ; ImmutableOopMap {rdx=Oop r8=Oop [64]=Oop }
                      ;*synchronization entry
                      ; - javafx.beans.property.ObjectPropertyBase::isBound@-1 (line 156)
                      ; - javafx.beans.property.ObjectPropertyBase::set@1 (line 141)
  0x000001ccbfab0920: 6a0b 07e9 | 19f8 ffff 

  0x000001ccbfab0928: ;   {metadata(nullptr)}
  0x000001ccbfab0928: 48ba 0000 | 0000 0000 | 0000 b800 

  0x000001ccbfab0934: ;   {runtime_call load_klass_patching Runtime1 stub}
  0x000001ccbfab0934: 0f05 0ae8 

  0x000001ccbfab0938: ; ImmutableOopMap {rbx=Oop [64]=Oop }
                      ;*new {reexecute=1 rethrow=0 return_oop=0}
                      ; - (reexecute) javafx.beans.property.ObjectPropertyBase::set@7 (line 142)
  0x000001ccbfab0938: c44b 0b07 | e98f f8ff | ff48 8bd2 

  0x000001ccbfab0944: ;   {runtime_call fast_new_instance Runtime1 stub}
  0x000001ccbfab0944: e837 020b 

  0x000001ccbfab0948: ; ImmutableOopMap {rbx=Oop [64]=Oop }
                      ;*new {reexecute=0 rethrow=0 return_oop=0}
                      ; - javafx.beans.property.ObjectPropertyBase::set@7 (line 142)
  0x000001ccbfab0948: 07e9 daf8 | ffff 8b72 | 1048 c1e6 | 0348 83fe | 000f 84d4 | faff ff48 

  0x000001ccbfab0960: ;   {runtime_call g1_pre_barrier_slow}
  0x000001ccbfab0960: 8934 24e8 | 1875 0b07 | e9c6 faff | ff49 83f8 | 000f 84db | faff ff48 

  0x000001ccbfab0978: ;   {runtime_call g1_post_barrier_slow}
  0x000001ccbfab0978: 8914 24e8 | 0078 0b07 | e9cd faff 

  0x000001ccbfab0984: ;   {metadata({method} {0x000001cd1d43a8d8} 'markInvalid' '()V' in 'javafx/beans/property/ObjectPropertyBase')}
  0x000001ccbfab0984: ff49 bad0 | a843 1dcd | 0100 004c | 8954 2408 | 48c7 0424 | ffff ffff 

  0x000001ccbfab099c: ;   {runtime_call counter_overflow Runtime1 stub}
  0x000001ccbfab099c: e85f 6a0b 

  0x000001ccbfab09a0: ; ImmutableOopMap {rdx=Oop [64]=Oop }
                      ;*synchronization entry
                      ; - javafx.beans.property.ObjectPropertyBase::markInvalid@-1 (line 110)
                      ; - javafx.beans.property.ObjectPropertyBase::set@72 (line 147)
  0x000001ccbfab09a0: 07e9 e8fa 

  0x000001ccbfab09a4: ;   {internal_word}
  0x000001ccbfab09a4: ffff 49ba | 3106 abbf | cc01 0000 | 4d89 9768 

  0x000001ccbfab09b4: ;   {runtime_call SafepointBlob}
  0x000001ccbfab09b4: 0400 00e9 | 444d ff06 

  0x000001ccbfab09bc: ;   {runtime_call throw_null_pointer_exception Runtime1 stub}
  0x000001ccbfab09bc: e8bf f80a 

  0x000001ccbfab09c0: ; ImmutableOopMap {rax=Oop [64]=Oop [72]=Oop }
                      ;*invokevirtual getClass {reexecute=0 rethrow=0 return_oop=0}
                      ; - javafx.beans.property.ObjectPropertyBase::set@29 (line 143)
                      ;   {runtime_call throw_null_pointer_exception Runtime1 stub}
  0x000001ccbfab09c0: 07e8 baf8 

  0x000001ccbfab09c4: ; ImmutableOopMap {rdx=Oop [64]=Oop [72]=Oop }
                      ;*invokevirtual getSimpleName {reexecute=0 rethrow=0 return_oop=0}
                      ; - javafx.beans.property.ObjectPropertyBase::set@32 (line 143)
  0x000001ccbfab09c4: 0a07 49b9 | 0000 0000 | 0000 0000 | b800 0f05 

  0x000001ccbfab09d4: ;   {runtime_call load_appendix_patching Runtime1 stub}
  0x000001ccbfab09d4: 0ae8 a65d 

  0x000001ccbfab09d8: ; ImmutableOopMap {rax=Oop [72]=Oop [80]=Oop }
                      ;*invokedynamic {reexecute=1 rethrow=0 return_oop=0}
                      ; - (reexecute) javafx.beans.property.ObjectPropertyBase::set@39 (line 143)
  0x000001ccbfab09d8: 0b07 e939 | feff ff49 | b800 0000 | 0000 0000 | 00b8 000f 

  0x000001ccbfab09ec: ;   {runtime_call load_appendix_patching Runtime1 stub}
  0x000001ccbfab09ec: 050a e88d 

  0x000001ccbfab09f0: ; ImmutableOopMap {rsi=Oop [72]=Oop }
                      ;*invokedynamic {reexecute=1 rethrow=0 return_oop=0}
                      ; - (reexecute) javafx.beans.property.ObjectPropertyBase::set@49 (line 143)
  0x000001ccbfab09f0: 5d0b 07e9 | 78fe ffff | 498b 8700 | 0500 0049 | c787 0005 | 0000 0000 | 0000 49c7 | 8708 0500 
  0x000001ccbfab0a10: 0000 0000 | 0048 83c4 

  0x000001ccbfab0a18: ;   {runtime_call unwind_exception Runtime1 stub}
  0x000001ccbfab0a18: 605d e9e1 | df0a 07f4 
[Stub Code]
  0x000001ccbfab0a20: ;   {no_reloc}
  0x000001ccbfab0a20: 0f1f 4400 

  0x000001ccbfab0a24: ;   {static_stub}
  0x000001ccbfab0a24: 0048 bb00 | 0000 0000 

  0x000001ccbfab0a2c: ;   {runtime_call nmethod}
  0x000001ccbfab0a2c: 0000 00e9 | fbff ffff 

  0x000001ccbfab0a34: ;   {static_stub}
  0x000001ccbfab0a34: 9048 bb00 | 0000 0000 

  0x000001ccbfab0a3c: ;   {runtime_call nmethod}
  0x000001ccbfab0a3c: 0000 00e9 | fbff ffff 

  0x000001ccbfab0a44: ;   {static_stub}
  0x000001ccbfab0a44: 9048 bb00 | 0000 0000 

  0x000001ccbfab0a4c: ;   {runtime_call nmethod}
  0x000001ccbfab0a4c: 0000 00e9 | fbff ffff 

  0x000001ccbfab0a54: ;   {static_stub}
  0x000001ccbfab0a54: 9048 bb00 | 0000 0000 

  0x000001ccbfab0a5c: ;   {runtime_call nmethod}
  0x000001ccbfab0a5c: 0000 00e9 | fbff ffff 

  0x000001ccbfab0a64: ;   {static_stub}
  0x000001ccbfab0a64: 9048 bb00 | 0000 0000 

  0x000001ccbfab0a6c: ;   {runtime_call nmethod}
  0x000001ccbfab0a6c: 0000 00e9 | fbff ffff 

  0x000001ccbfab0a74: ;   {static_stub}
  0x000001ccbfab0a74: 9048 bb00 | 0000 0000 

  0x000001ccbfab0a7c: ;   {runtime_call nmethod}
  0x000001ccbfab0a7c: 0000 00e9 | fbff ffff 

  0x000001ccbfab0a84: ;   {static_stub}
  0x000001ccbfab0a84: 9048 bb00 | 0000 0000 

  0x000001ccbfab0a8c: ;   {runtime_call nmethod}
  0x000001ccbfab0a8c: 0000 00e9 | fbff ffff 

  0x000001ccbfab0a94: ;   {static_stub}
  0x000001ccbfab0a94: 9048 bb00 | 0000 0000 

  0x000001ccbfab0a9c: ;   {runtime_call nmethod}
  0x000001ccbfab0a9c: 0000 00e9 | fbff ffff 

  0x000001ccbfab0aa4: ;   {static_stub}
  0x000001ccbfab0aa4: 48bb 0000 | 0000 0000 

  0x000001ccbfab0aac: ;   {runtime_call nmethod}
  0x000001ccbfab0aac: 0000 e9fb 

  0x000001ccbfab0ab0: ;   {static_stub}
  0x000001ccbfab0ab0: ffff ff48 | bb00 0000 | 0000 0000 

  0x000001ccbfab0abc: ;   {runtime_call nmethod}
  0x000001ccbfab0abc: 00e9 fbff 

  0x000001ccbfab0ac0: ;   {runtime_call handle_exception_from_callee Runtime1 stub}
  0x000001ccbfab0ac0: ffff e8b9 

  0x000001ccbfab0ac4: ;   {external_word}
  0x000001ccbfab0ac4: 150b 0748 | b910 06ed | b5fd 7f00 | 0048 83e4 

  0x000001ccbfab0ad4: ;   {runtime_call}
  0x000001ccbfab0ad4: f048 b820 | e5ad b5fd | 7f00 00ff 

  0x000001ccbfab0ae0: ;   {section_word}
  0x000001ccbfab0ae0: d0f4 49ba | e20a abbf | cc01 0000 

  0x000001ccbfab0aec: ;   {runtime_call DeoptimizationBlob}
  0x000001ccbfab0aec: 4152 e9ad | 3eff 06f4 | f4f4 f4f4 
[/MachCode]


Compiled method (c1) 5823 4417       3       com.sun.scenario.animation.shared.TimelineClipCore::playTo (353 bytes)
 total in heap  [0x000001ccbfefe890,0x000001ccbff00318] = 6792
 relocation     [0x000001ccbfefe9f0,0x000001ccbfefeb70] = 384
 main code      [0x000001ccbfefeb80,0x000001ccbfeffc20] = 4256
 stub code      [0x000001ccbfeffc20,0x000001ccbfeffcb8] = 152
 oops           [0x000001ccbfeffcb8,0x000001ccbfeffcc0] = 8
 metadata       [0x000001ccbfeffcc0,0x000001ccbfeffd08] = 72
 scopes data    [0x000001ccbfeffd08,0x000001ccbfefff18] = 528
 scopes pcs     [0x000001ccbfefff18,0x000001ccbff00248] = 816
 dependencies   [0x000001ccbff00248,0x000001ccbff00258] = 16
 nul chk table  [0x000001ccbff00258,0x000001ccbff00318] = 192

[Constant Pool (empty)]

[MachCode]
[Entry Point]
  # {method} {0x000001cd1d958438} 'playTo' '(J)V' in 'com/sun/scenario/animation/shared/TimelineClipCore'
  # this:     rdx:rdx   = 'com/sun/scenario/animation/shared/TimelineClipCore'
  # parm0:    r8:r8     = long
  #           [sp+0xd0]  (sp of caller)
  0x000001ccbfefeb80: 448b 5208 | 49bb 0000 | 00dc cc01 | 0000 4d03 | d34c 3bd0 

  0x000001ccbfefeb94: ;   {runtime_call ic_miss_stub}
  0x000001ccbfefeb94: 0f85 e6fb | b906 660f | 1f44 0000 
[Verified Entry Point]
  0x000001ccbfefeba0: 8984 2400 | 80ff ff55 | 4881 ecc0 | 0000 0090 | 4181 7f20 | 0100 0000 

  0x000001ccbfefebb8: ;   {runtime_call StubRoutines (final stubs)}
  0x000001ccbfefebb8: 7405 e8a1 | 61b8 0648 | 8994 2490 | 0000 004c | 8984 2498 

  0x000001ccbfefebcc: ;   {metadata(method data for {method} {0x000001cd1d958438} 'playTo' '(J)V' in 'com/sun/scenario/animation/shared/TimelineClipCore')}
  0x000001ccbfefebcc: 0000 0048 | bee8 4ee7 | 1dcd 0100 | 008b becc | 0000 0083 | c702 89be | cc00 0000 | 81e7 fe07 
  0x000001ccbfefebec: 0000 85ff | 0f84 bc0d | 0000 0fbe | 7218 85f6 

  0x000001ccbfefebfc: ;   {metadata(method data for {method} {0x000001cd1d958438} 'playTo' '(J)V' in 'com/sun/scenario/animation/shared/TimelineClipCore')}
  0x000001ccbfefebfc: 48be e84e | e71d cd01 | 0000 48c7 | c710 0100 | 0074 0748 | c7c7 2001 | 0000 488b | 1c3e 488d 
  0x000001ccbfefec1c: 5b01 4889 | 1c3e 0f84 | b102 0000 

  0x000001ccbfefec28: ;   {metadata(method data for {method} {0x000001cd1d958438} 'playTo' '(J)V' in 'com/sun/scenario/animation/shared/TimelineClipCore')}
  0x000001ccbfefec28: 488b f248 | bfe8 4ee7 | 1dcd 0100 | 0048 8387 | 3001 0000 

  0x000001ccbfefec3c: ;   {metadata(method data for {method} {0x000001cd1d958050} 'clearLastKeyFrame' '()V' in 'com/sun/scenario/animation/shared/TimelineClipCore')}
  0x000001ccbfefec3c: 0148 beb8 | 57e7 1dcd | 0100 008b | becc 0000 | 0083 c702 | 89be cc00 | 0000 81e7 | feff 1f00 
  0x000001ccbfefec5c: 85ff 0f84 | 6f0d 0000 | c742 0cff | ffff ff48 

  0x000001ccbfefec6c: ;   {metadata(method data for {method} {0x000001cd1d958438} 'playTo' '(J)V' in 'com/sun/scenario/animation/shared/TimelineClipCore')}
  0x000001ccbfefec6c: 8bf2 48bf | e84e e71d | cd01 0000 | 4883 8768 | 0100 0001 

  0x000001ccbfefec80: ;   {metadata(method data for {method} {0x000001cd1d958530} 'setTime' '(J)V' in 'com/sun/scenario/animation/shared/TimelineClipCore')}
  0x000001ccbfefec80: 48be 404d | e71d cd01 | 0000 8bbe | cc00 0000 | 83c7 0289 | becc 0000 | 0081 e7fe | ff1f 0085 
  0x000001ccbfefeca0: ff0f 844d | 0d00 004c 

  0x000001ccbfefeca8: ;   {metadata(method data for {method} {0x000001cd1d958530} 'setTime' '(J)V' in 'com/sun/scenario/animation/shared/TimelineClipCore')}
  0x000001ccbfefeca8: 8942 1048 | be40 4de7 | 1dcd 0100 | 0048 8386 | 1001 0000 

  0x000001ccbfefecbc: ;   {static_call}
  0x000001ccbfefecbc: 0166 90e8 

  0x000001ccbfefecc0: ; ImmutableOopMap {[144]=Oop }
                      ;*invokestatic getDefault {reexecute=0 rethrow=0 return_oop=0}
                      ; - com.sun.scenario.animation.shared.TimelineClipCore::setTime@5 (line 215)
                      ; - com.sun.scenario.animation.shared.TimelineClipCore::playTo@13 (line 161)
  0x000001ccbfefecc0: bc03 ba06 

  0x000001ccbfefecc4: ;   {other}
  0x000001ccbfefecc4: 0f1f 8400 | 3404 0000 | 488b 9424 | 9000 0000 | 8b72 1c48 | c1e6 0348 

  0x000001ccbfefecdc: ;   {metadata(method data for {method} {0x000001cd1d958530} 'setTime' '(J)V' in 'com/sun/scenario/animation/shared/TimelineClipCore')}
  0x000001ccbfefecdc: 3b00 48bf | 404d e71d | cd01 0000 | 4883 8720 | 0100 0001 

  0x000001ccbfefecf0: ;   {metadata(method data for {method} {0x000001cd1d946558} 'setCurrentTicks' '(Ljavafx/animation/Animation;J)V' in 'javafx/animation/AnimationAccessorImpl')}
  0x000001ccbfefecf0: 48bf 1856 | e71d cd01 | 0000 8b9f | cc00 0000 | 83c3 0289 | 9fcc 0000 | 0081 e3fe | ff1f 0085 
  0x000001ccbfefed10: db0f 8403 | 0d00 0048 | 3b06 488b 

  0x000001ccbfefed1c: ;   {metadata(method data for {method} {0x000001cd1d946558} 'setCurrentTicks' '(Ljavafx/animation/Animation;J)V' in 'javafx/animation/AnimationAccessorImpl')}
  0x000001ccbfefed1c: fe48 bb18 | 56e7 1dcd | 0100 008b | 7f08 49ba | 0000 00dc | cc01 0000 | 4903 fa48 | 3bbb 2001 
  0x000001ccbfefed3c: 0000 750d | 4883 8328 | 0100 0001 | e960 0000 | 0048 3bbb | 3001 0000 | 750d 4883 | 8338 0100 
  0x000001ccbfefed5c: 0001 e94a | 0000 0048 | 83bb 2001 | 0000 0075 | 1748 89bb | 2001 0000 | 48c7 8328 | 0100 0001 
  0x000001ccbfefed7c: 0000 00e9 | 2900 0000 | 4883 bb30 | 0100 0000 | 7517 4889 | bb30 0100 | 0048 c783 | 3801 0000 
  0x000001ccbfefed9c: 0100 0000 | e908 0000 | 0048 8383 | 1001 0000 

  0x000001ccbfefedac: ;   {metadata(method data for {method} {0x000001cd1d945458} 'setCurrentTicks' '(J)V' in 'javafx/animation/Animation')}
  0x000001ccbfefedac: 0148 bfc8 | 1acb 1dcd | 0100 008b | 9fcc 0000 | 0083 c302 | 899f cc00 | 0000 81e3 | feff 1f00 
  0x000001ccbfefedcc: 85db 0f84 | 6c0c 0000 | 4c8b 8424 | 9800 0000 | 4c89 4628 | 8b76 6848 | c1e6 0348 

  0x000001ccbfefede8: ;   {metadata(method data for {method} {0x000001cd1d945458} 'setCurrentTicks' '(J)V' in 'javafx/animation/Animation')}
  0x000001ccbfefede8: 85f6 48bf | c81a cb1d | cd01 0000 | 48c7 c310 | 0100 0074 | 0748 c7c3 | 2001 0000 | 488b 041f 
  0x000001ccbfefee08: 488d 4001 | 4889 041f | 0f84 b600 | 0000 483b | 0648 8bfe 

  0x000001ccbfefee1c: ;   {metadata(method data for {method} {0x000001cd1d945458} 'setCurrentTicks' '(J)V' in 'javafx/animation/Animation')}
  0x000001ccbfefee1c: 48bb c81a | cb1d cd01 | 0000 8b7f | 0849 ba00 | 0000 dccc | 0100 0049 | 03fa 483b | bb40 0100 
  0x000001ccbfefee3c: 0075 0d48 | 8383 4801 | 0000 01e9 | 6000 0000 | 483b bb50 | 0100 0075 | 0d48 8383 | 5801 0000 
  0x000001ccbfefee5c: 01e9 4a00 | 0000 4883 | bb40 0100 | 0000 7517 | 4889 bb40 | 0100 0048 | c783 4801 | 0000 0100 
  0x000001ccbfefee7c: 0000 e929 | 0000 0048 | 83bb 5001 | 0000 0075 | 1748 89bb | 5001 0000 | 48c7 8358 | 0100 0001 
  0x000001ccbfefee9c: 0000 00e9 | 0800 0000 | 4883 8330 | 0100 0001 | 488b d666 | 0f1f 4400 | 0048 b8ff | ffff ffff 
  0x000001ccbfefeebc: ;   {virtual_call}
  0x000001ccbfefeebc: ffff ffe8 

  0x000001ccbfefeec0: ; ImmutableOopMap {[144]=Oop }
                      ;*invokevirtual fireValueChangedEvent {reexecute=0 rethrow=0 return_oop=0}
                      ; - javafx.animation.Animation::setCurrentTicks@16 (line 1268)
                      ; - javafx.animation.AnimationAccessorImpl::setCurrentTicks@2 (line 54)
                      ; - com.sun.scenario.animation.shared.TimelineClipCore::setTime@13 (line 215)
                      ; - com.sun.scenario.animation.shared.TimelineClipCore::playTo@13 (line 161)
  0x000001ccbfefeec0: bcfe b906 

  0x000001ccbfefeec4: ;   {other}
  0x000001ccbfefeec4: 0f1f 8400 | 3406 0001 | 488b 9424 | 9000 0000 | e901 0a00 | 00c6 4219 | 0048 8b72 | 104c 8b84 
  0x000001ccbfefeee4: 2498 0000 | 004c 3bc6 

  0x000001ccbfefeeec: ;   {metadata(method data for {method} {0x000001cd1d958438} 'playTo' '(J)V' in 'com/sun/scenario/animation/shared/TimelineClipCore')}
  0x000001ccbfefeeec: 49b8 e84e | e71d cd01 | 0000 49c7 | c1e8 0100 | 007d 0749 | c7c1 d801 | 0000 4b8b | 3c08 488d 
  0x000001ccbfefef0c: 7f01 4b89 | 3c08 0f8d | 0b00 0000 | 41b8 0000 | 0000 e917 

  0x000001ccbfefef20: ;   {metadata(method data for {method} {0x000001cd1d958438} 'playTo' '(J)V' in 'com/sun/scenario/animation/shared/TimelineClipCore')}
  0x000001ccbfefef20: 0000 0049 | b8e8 4ee7 | 1dcd 0100 | 0041 ff80 | f801 0000 | 41b8 0100 | 0000 4585 

  0x000001ccbfefef3c: ;   {metadata(method data for {method} {0x000001cd1d958438} 'playTo' '(J)V' in 'com/sun/scenario/animation/shared/TimelineClipCore')}
  0x000001ccbfefef3c: c049 b8e8 | 4ee7 1dcd | 0100 0049 | c7c1 1002 | 0000 7407 | 49c7 c120 | 0200 004b | 8b3c 0848 
  0x000001ccbfefef5c: 8d7f 014b | 893c 080f | 84a6 0200 | 0044 8b42 | 0c41 83f8 

  0x000001ccbfefef70: ;   {metadata(method data for {method} {0x000001cd1d958438} 'playTo' '(J)V' in 'com/sun/scenario/animation/shared/TimelineClipCore')}
  0x000001ccbfefef70: ff49 b9e8 | 4ee7 1dcd | 0100 0048 | c7c7 3002 | 0000 7507 | 48c7 c740 | 0200 0049 | 8b1c 3948 
  0x000001ccbfefef90: 8d5b 0149 | 891c 390f | 851c 0000 

  0x000001ccbfefef9c: ;   {metadata(method data for {method} {0x000001cd1d958438} 'playTo' '(J)V' in 'com/sun/scenario/animation/shared/TimelineClipCore')}
  0x000001ccbfefef9c: 0049 b8e8 | 4ee7 1dcd | 0100 0041 | ff80 5002 | 0000 41b8 | 0000 0000 | e95d 0000 | 0044 8b4a 
  0x000001ccbfefefbc: 2449 c1e1 | 0345 3b41 | 0c0f 83a5 | 0a00 0049 | 63f8 498b | 5cf9 1048 

  0x000001ccbfefefd4: ;   {metadata(method data for {method} {0x000001cd1d958438} 'playTo' '(J)V' in 'com/sun/scenario/animation/shared/TimelineClipCore')}
  0x000001ccbfefefd4: 3bf3 49b9 | e84e e71d | cd01 0000 | 48c7 c668 | 0200 007c | 0748 c7c6 | 7802 0000 | 498b 3c31 
  0x000001ccbfefeff4: 488d 7f01 | 4989 3c31 | 0f8c 1400 | 0000 41ff 

  0x000001ccbfeff004: ;   {metadata(method data for {method} {0x000001cd1d958438} 'playTo' '(J)V' in 'com/sun/scenario/animation/shared/TimelineClipCore')}
  0x000001ccbfeff004: c049 b9e8 | 4ee7 1dcd | 0100 0041 | ff81 8802 | 0000 448b | 4a20 49c1 | e103 418b | 710c 89b4 
  0x000001ccbfeff024: 24a4 0000 | 000f 1f80 | 0000 0000 | 488b bc24 | 9800 0000 

  0x000001ccbfeff038: ;   {metadata(method data for {method} {0x000001cd1d958438} 'playTo' '(J)V' in 'com/sun/scenario/animation/shared/TimelineClipCore')}
  0x000001ccbfeff038: 443b c649 | b9e8 4ee7 | 1dcd 0100 | 0048 c7c3 | a002 0000 | 7d07 48c7 | c3b0 0200 | 0049 8b04 
  0x000001ccbfeff058: 1948 8d40 | 0149 8904 | 190f 8d92 | 0100 0044 | 8b4a 2449 | c1e1 0345 | 3b41 0c0f | 8314 0a00 
  0x000001ccbfeff078: 0049 63d8 | 498b 44d9 | 104c 8bcf 

  0x000001ccbfeff084: ;   {metadata(method data for {method} {0x000001cd1d958438} 'playTo' '(J)V' in 'com/sun/scenario/animation/shared/TimelineClipCore')}
  0x000001ccbfeff084: 4c3b c849 | b9e8 4ee7 | 1dcd 0100 | 0048 c7c3 | d002 0000 | 7c07 48c7 | c3c0 0200 | 0049 8b0c 
  0x000001ccbfeff0a4: 1948 8d49 | 0149 890c | 190f 8c2e | 0100 004c | 8b4a 1048 | 8bd8 493b 

  0x000001ccbfeff0bc: ;   {metadata(method data for {method} {0x000001cd1d958438} 'playTo' '(J)V' in 'com/sun/scenario/animation/shared/TimelineClipCore')}
  0x000001ccbfeff0bc: d949 b9e8 | 4ee7 1dcd | 0100 0048 | c7c3 0803 | 0000 7d07 | 48c7 c3f8 | 0200 0049 | 8b0c 1948 
  0x000001ccbfeff0dc: 8d49 0149 | 890c 190f | 8d0d 0000 | 0044 8984 | 24a0 0000 | 00e9 7a00 | 0000 4c8b 

  0x000001ccbfeff0f8: ;   {metadata(method data for {method} {0x000001cd1d958438} 'playTo' '(J)V' in 'com/sun/scenario/animation/shared/TimelineClipCore')}
  0x000001ccbfeff0f8: ca48 bbe8 | 4ee7 1dcd | 0100 0048 | 8383 1803 | 0000 0149 | 8bd8 4c8b | c34c 8bc8 | 488b c248 
  0x000001ccbfeff118: 8bd0 899c | 24a0 0000 | 0066 0f1f 

  0x000001ccbfeff124: ;   {optimized virtual_call}
  0x000001ccbfeff124: 4400 00e8 

  0x000001ccbfeff128: ; ImmutableOopMap {[144]=Oop }
                      ;*invokevirtual visitKeyFrame {reexecute=0 rethrow=0 return_oop=0}
                      ; - com.sun.scenario.animation.shared.TimelineClipCore::playTo@153 (line 180)
  0x000001ccbfeff128: 470b 0000 

  0x000001ccbfeff12c: ;   {other}
  0x000001ccbfeff12c: 0f1f 8400 | 9c08 0002 | 488b 9424 | 9000 0000 | 440f be42 | 1945 85c0 

  0x000001ccbfeff144: ;   {metadata(method data for {method} {0x000001cd1d958438} 'playTo' '(J)V' in 'com/sun/scenario/animation/shared/TimelineClipCore')}
  0x000001ccbfeff144: 49b8 e84e | e71d cd01 | 0000 49c7 | c160 0300 | 0075 0749 | c7c1 5003 | 0000 4b8b | 3408 488d 
  0x000001ccbfeff164: 7601 4b89 | 3408 0f85 | 5b00 0000 | 448b 8424 | a000 0000 

  0x000001ccbfeff178: ;   {metadata(method data for {method} {0x000001cd1d958438} 'playTo' '(J)V' in 'com/sun/scenario/animation/shared/TimelineClipCore')}
  0x000001ccbfeff178: 41ff c049 | b9e8 4ee7 | 1dcd 0100 | 0041 8bb1 | d000 0000 | 83c6 0241 | 89b1 d000 | 0000 81e6 
  0x000001ccbfeff198: fe3f 0000 | 85f6 0f84 | f708 0000 | 4d8b 9758 

  0x000001ccbfeff1a8: ; ImmutableOopMap {rdx=Oop [144]=Oop }
                      ;*goto {reexecute=1 rethrow=0 return_oop=0}
                      ; - (reexecute) com.sun.scenario.animation.shared.TimelineClipCore::playTo@169 (line 173)
                      ;   {poll}
  0x000001ccbfeff1a8: 0400 0041 

  0x000001ccbfeff1ac: ;   {metadata(method data for {method} {0x000001cd1d958438} 'playTo' '(J)V' in 'com/sun/scenario/animation/shared/TimelineClipCore')}
  0x000001ccbfeff1ac: 8502 49b9 | e84e e71d | cd01 0000 | 41ff 8188 | 0300 008b | b424 a400 | 0000 e965 

  0x000001ccbfeff1c8: ;   {metadata(method data for {method} {0x000001cd1d958438} 'playTo' '(J)V' in 'com/sun/scenario/animation/shared/TimelineClipCore')}
  0x000001ccbfeff1c8: feff ff49 | b8e8 4ee7 | 1dcd 0100 | 0041 ff80 | 7003 0000 | e918 0000 | 0041 ffc8 | 4489 420c 
  0x000001ccbfeff1e8: ;   {metadata(method data for {method} {0x000001cd1d958438} 'playTo' '(J)V' in 'com/sun/scenario/animation/shared/TimelineClipCore')}
  0x000001ccbfeff1e8: 49b8 e84e | e71d cd01 | 0000 41ff | 80e0 0200 

  0x000001ccbfeff1f8: ;   {metadata(method data for {method} {0x000001cd1d958438} 'playTo' '(J)V' in 'com/sun/scenario/animation/shared/TimelineClipCore')}
  0x000001ccbfeff1f8: 0049 b8e8 | 4ee7 1dcd | 0100 0041 | ff80 a003 | 0000 e96c | 0200 0044 | 8b42 0c41 

  0x000001ccbfeff214: ;   {metadata(method data for {method} {0x000001cd1d958438} 'playTo' '(J)V' in 'com/sun/scenario/animation/shared/TimelineClipCore')}
  0x000001ccbfeff214: 83f8 ff49 | b9e8 4ee7 | 1dcd 0100 | 0048 c7c7 | b803 0000 | 7507 48c7 | c7c8 0300 | 0049 8b1c 
  0x000001ccbfeff234: 3948 8d5b | 0149 891c | 390f 8525 | 0000 0044 | 8b42 2049 | c1e0 0345 | 8b40 0c41 

  0x000001ccbfeff250: ;   {metadata(method data for {method} {0x000001cd1d958438} 'playTo' '(J)V' in 'com/sun/scenario/animation/shared/TimelineClipCore')}
  0x000001ccbfeff250: ffc8 49b9 | e84e e71d | cd01 0000 | 41ff 81d8 | 0300 00e9 | 6000 0000 | 448b 4a24 | 49c1 e103 
  0x000001ccbfeff270: ; implicit exception: dispatches to 0x000001ccbfeffac1
  0x000001ccbfeff270: 453b 410c | 0f83 5108 | 0000 4963 | f849 8b5c | f910 483b 

  0x000001ccbfeff284: ;   {metadata(method data for {method} {0x000001cd1d958438} 'playTo' '(J)V' in 'com/sun/scenario/animation/shared/TimelineClipCore')}
  0x000001ccbfeff284: de49 b9e8 | 4ee7 1dcd | 0100 0048 | c7c6 f003 | 0000 7c07 | 48c7 c600 | 0400 0049 | 8b3c 3148 
  0x000001ccbfeff2a4: 8d7f 0149 | 893c 310f | 8c17 0000 | 0041 ffc8 

  0x000001ccbfeff2b4: ;   {metadata(method data for {method} {0x000001cd1d958438} 'playTo' '(J)V' in 'com/sun/scenario/animation/shared/TimelineClipCore')}
  0x000001ccbfeff2b4: 49b9 e84e | e71d cd01 | 0000 41ff | 8110 0400 | 0066 6690 | 488b b424 | 9800 0000 

  0x000001ccbfeff2d0: ;   {metadata(method data for {method} {0x000001cd1d958438} 'playTo' '(J)V' in 'com/sun/scenario/animation/shared/TimelineClipCore')}
  0x000001ccbfeff2d0: 4585 c049 | b9e8 4ee7 | 1dcd 0100 | 0048 c7c7 | 2804 0000 | 7c07 48c7 | c738 0400 | 0049 8b1c 
  0x000001ccbfeff2f0: 3948 8d5b | 0149 891c | 390f 8c7c | 0100 0044 | 8b4a 2449 | c1e1 0345 | 3b41 0c0f | 83d2 0700 
  0x000001ccbfeff310: 0049 63f8 | 498b 5cf9 | 104c 8bcb 

  0x000001ccbfeff31c: ;   {metadata(method data for {method} {0x000001cd1d958438} 'playTo' '(J)V' in 'com/sun/scenario/animation/shared/TimelineClipCore')}
  0x000001ccbfeff31c: 4c3b ce49 | b9e8 4ee7 | 1dcd 0100 | 0048 c7c7 | 5804 0000 | 7c07 48c7 | c748 0400 | 0049 8b04 
  0x000001ccbfeff33c: 3948 8d40 | 0149 8904 | 390f 8c19 | 0100 004c | 8b4a 104c 

  0x000001ccbfeff350: ;   {metadata(method data for {method} {0x000001cd1d958438} 'playTo' '(J)V' in 'com/sun/scenario/animation/shared/TimelineClipCore')}
  0x000001ccbfeff350: 3bcb 49b9 | e84e e71d | cd01 0000 | 48c7 c790 | 0400 007d | 0748 c7c7 | 8004 0000 | 498b 0439 
  0x000001ccbfeff370: 488d 4001 | 4989 0439 | 0f8d 0d00 | 0000 4489 | 8424 a800 | 0000 e973 | 0000 004c 

  0x000001ccbfeff38c: ;   {metadata(method data for {method} {0x000001cd1d958438} 'playTo' '(J)V' in 'com/sun/scenario/animation/shared/TimelineClipCore')}
  0x000001ccbfeff38c: 8bca 48bf | e84e e71d | cd01 0000 | 4883 87a0 | 0400 0001 | 498b f84c | 8bc7 4c8b | cb48 8bda 
  0x000001ccbfeff3ac: 488b d389 | bc24 a800 

  0x000001ccbfeff3b4: ;   {optimized virtual_call}
  0x000001ccbfeff3b4: 0000 90e8 

  0x000001ccbfeff3b8: ; ImmutableOopMap {[144]=Oop }
                      ;*invokevirtual visitKeyFrame {reexecute=0 rethrow=0 return_oop=0}
                      ; - com.sun.scenario.animation.shared.TimelineClipCore::playTo@276 (line 197)
  0x000001ccbfeff3b8: c4f6 b906 

  0x000001ccbfeff3bc: ;   {other}
  0x000001ccbfeff3bc: 0f1f 8400 | 2c0b 0004 | 488b 9424 | 9000 0000 | 0fbe 7219 

  0x000001ccbfeff3d0: ;   {metadata(method data for {method} {0x000001cd1d958438} 'playTo' '(J)V' in 'com/sun/scenario/animation/shared/TimelineClipCore')}
  0x000001ccbfeff3d0: 85f6 48be | e84e e71d | cd01 0000 | 48c7 c7e8 | 0400 0075 | 0748 c7c7 | d804 0000 | 488b 1c3e 
  0x000001ccbfeff3f0: 488d 5b01 | 4889 1c3e | 0f85 5100 | 0000 448b | 8424 a800 | 0000 41ff 

  0x000001ccbfeff408: ;   {metadata(method data for {method} {0x000001cd1d958438} 'playTo' '(J)V' in 'com/sun/scenario/animation/shared/TimelineClipCore')}
  0x000001ccbfeff408: c848 bee8 | 4ee7 1dcd | 0100 008b | bed0 0000 | 0083 c702 | 89be d000 | 0000 81e7 | fe3f 0000 
  0x000001ccbfeff428: 85ff 0f84 | c106 0000 | 4d8b 9758 

  0x000001ccbfeff434: ; ImmutableOopMap {rdx=Oop [144]=Oop }
                      ;*goto {reexecute=1 rethrow=0 return_oop=0}
                      ; - (reexecute) com.sun.scenario.animation.shared.TimelineClipCore::playTo@292 (line 190)
                      ;   {poll}
  0x000001ccbfeff434: 0400 0041 

  0x000001ccbfeff438: ;   {metadata(method data for {method} {0x000001cd1d958438} 'playTo' '(J)V' in 'com/sun/scenario/animation/shared/TimelineClipCore')}
  0x000001ccbfeff438: 8502 48be | e84e e71d | cd01 0000 | ff86 1005 | 0000 e979 

  0x000001ccbfeff44c: ;   {metadata(method data for {method} {0x000001cd1d958438} 'playTo' '(J)V' in 'com/sun/scenario/animation/shared/TimelineClipCore')}
  0x000001ccbfeff44c: feff ff48 | bee8 4ee7 | 1dcd 0100 | 00ff 86f8 | 0400 00e9 | 1700 0000 | 41ff c044 

  0x000001ccbfeff468: ;   {metadata(method data for {method} {0x000001cd1d958438} 'playTo' '(J)V' in 'com/sun/scenario/animation/shared/TimelineClipCore')}
  0x000001ccbfeff468: 8942 0c48 | bee8 4ee7 | 1dcd 0100 | 00ff 8668 | 0400 000f | be72 1985 

  0x000001ccbfeff480: ;   {metadata(method data for {method} {0x000001cd1d958438} 'playTo' '(J)V' in 'com/sun/scenario/animation/shared/TimelineClipCore')}
  0x000001ccbfeff480: f648 bee8 | 4ee7 1dcd | 0100 0048 | c7c7 2805 | 0000 7507 | 48c7 c738 | 0500 0048 | 8b1c 3e48 
  0x000001ccbfeff4a0: 8d5b 0148 | 891c 3e0f | 8517 0400 | 008b 720c 

  0x000001ccbfeff4b0: ;   {metadata(method data for {method} {0x000001cd1d958438} 'playTo' '(J)V' in 'com/sun/scenario/animation/shared/TimelineClipCore')}
  0x000001ccbfeff4b0: 83fe ff48 | bfe8 4ee7 | 1dcd 0100 | 0048 c7c3 | 4805 0000 | 7407 48c7 | c358 0500 | 0048 8b04 
  0x000001ccbfeff4d0: 1f48 8d40 | 0148 8904 | 1f4c 8b84 | 2498 0000 | 000f 84b0 | 0000 008b | 7a24 48c1 | e703 3b77 
  0x000001ccbfeff4f0: 0c0f 8325 | 0600 0048 | 63de 488b | 44df 1049 

  0x000001ccbfeff500: ;   {metadata(method data for {method} {0x000001cd1d958438} 'playTo' '(J)V' in 'com/sun/scenario/animation/shared/TimelineClipCore')}
  0x000001ccbfeff500: 3bc0 48bf | e84e e71d | cd01 0000 | 48c7 c368 | 0500 0075 | 0748 c7c3 | 7805 0000 | 488b 041f 
  0x000001ccbfeff520: 488d 4001 | 4889 041f | 0f85 6900 | 0000 8b7a | 2048 c1e7 | 033b 770c | 0f83 f605 | 0000 4863 
  0x000001ccbfeff540: f68b 74b7 | 1048 c1e6 | 0348 3b06 

  0x000001ccbfeff54c: ;   {metadata(method data for {method} {0x000001cd1d958438} 'playTo' '(J)V' in 'com/sun/scenario/animation/shared/TimelineClipCore')}
  0x000001ccbfeff54c: 488b fe48 | bbe8 4ee7 | 1dcd 0100 | 0048 8383 | 8805 0000 | 018b 7614 | 48c1 e603 

  0x000001ccbfeff568: ;   {metadata(method data for {method} {0x000001cd1d958438} 'playTo' '(J)V' in 'com/sun/scenario/animation/shared/TimelineClipCore')}
  0x000001ccbfeff568: 4885 f648 | bee8 4ee7 | 1dcd 0100 | 0048 c7c7 | c005 0000 | 7507 48c7 | c7d0 0500 | 0048 8b1c 
  0x000001ccbfeff588: 3e48 8d5b | 0148 891c | 3e0f 852d | 0300 0048 

  0x000001ccbfeff598: ;   {metadata(method data for {method} {0x000001cd1d958438} 'playTo' '(J)V' in 'com/sun/scenario/animation/shared/TimelineClipCore')}
  0x000001ccbfeff598: 8bf2 48bf | e84e e71d | cd01 0000 | 4883 87e0 | 0500 0001 

  0x000001ccbfeff5ac: ;   {metadata(method data for {method} {0x000001cd1d958530} 'setTime' '(J)V' in 'com/sun/scenario/animation/shared/TimelineClipCore')}
  0x000001ccbfeff5ac: 48be 404d | e71d cd01 | 0000 8bbe | cc00 0000 | 83c7 0289 | becc 0000 | 0081 e7fe | ff1f 0085 
  0x000001ccbfeff5cc: ff0f 8474 | 0500 004c 

  0x000001ccbfeff5d4: ;   {metadata(method data for {method} {0x000001cd1d958530} 'setTime' '(J)V' in 'com/sun/scenario/animation/shared/TimelineClipCore')}
  0x000001ccbfeff5d4: 8942 1048 | be40 4de7 | 1dcd 0100 | 0048 8386 | 1001 0000 | 0166 0f1f 

  0x000001ccbfeff5ec: ;   {static_call}
  0x000001ccbfeff5ec: 4400 00e8 

  0x000001ccbfeff5f0: ; ImmutableOopMap {[144]=Oop }
                      ;*invokestatic getDefault {reexecute=0 rethrow=0 return_oop=0}
                      ; - com.sun.scenario.animation.shared.TimelineClipCore::setTime@5 (line 215)
                      ; - com.sun.scenario.animation.shared.TimelineClipCore::playTo@341 (line 208)
  0x000001ccbfeff5f0: 2cac 5007 

  0x000001ccbfeff5f4: ;   {other}
  0x000001ccbfeff5f4: 0f1f 8400 | 640d 0006 | 488b 9424 | 9000 0000 | 8b72 1c48 | c1e6 0348 

  0x000001ccbfeff60c: ;   {metadata(method data for {method} {0x000001cd1d958530} 'setTime' '(J)V' in 'com/sun/scenario/animation/shared/TimelineClipCore')}
  0x000001ccbfeff60c: 3b00 48bf | 404d e71d | cd01 0000 | 4883 8720 | 0100 0001 

  0x000001ccbfeff620: ;   {metadata(method data for {method} {0x000001cd1d946558} 'setCurrentTicks' '(Ljavafx/animation/Animation;J)V' in 'javafx/animation/AnimationAccessorImpl')}
  0x000001ccbfeff620: 48bf 1856 | e71d cd01 | 0000 8b9f | cc00 0000 | 83c3 0289 | 9fcc 0000 | 0081 e3fe | ff1f 0085 
  0x000001ccbfeff640: db0f 8426 | 0500 0048 | 3b06 488b 

  0x000001ccbfeff64c: ;   {metadata(method data for {method} {0x000001cd1d946558} 'setCurrentTicks' '(Ljavafx/animation/Animation;J)V' in 'javafx/animation/AnimationAccessorImpl')}
  0x000001ccbfeff64c: fe48 bb18 | 56e7 1dcd | 0100 008b | 7f08 49ba | 0000 00dc | cc01 0000 | 4903 fa48 | 3bbb 2001 
  0x000001ccbfeff66c: 0000 750d | 4883 8328 | 0100 0001 | e960 0000 | 0048 3bbb | 3001 0000 | 750d 4883 | 8338 0100 
  0x000001ccbfeff68c: 0001 e94a | 0000 0048 | 83bb 2001 | 0000 0075 | 1748 89bb | 2001 0000 | 48c7 8328 | 0100 0001 
  0x000001ccbfeff6ac: 0000 00e9 | 2900 0000 | 4883 bb30 | 0100 0000 | 7517 4889 | bb30 0100 | 0048 c783 | 3801 0000 
  0x000001ccbfeff6cc: 0100 0000 | e908 0000 | 0048 8383 | 1001 0000 

  0x000001ccbfeff6dc: ;   {metadata(method data for {method} {0x000001cd1d945458} 'setCurrentTicks' '(J)V' in 'javafx/animation/Animation')}
  0x000001ccbfeff6dc: 0148 bfc8 | 1acb 1dcd | 0100 008b | 9fcc 0000 | 0083 c302 | 899f cc00 | 0000 81e3 | feff 1f00 
  0x000001ccbfeff6fc: 85db 0f84 | 8f04 0000 | 4c8b 8424 | 9800 0000 | 4c89 4628 | 8b76 6848 | c1e6 0348 

  0x000001ccbfeff718: ;   {metadata(method data for {method} {0x000001cd1d945458} 'setCurrentTicks' '(J)V' in 'javafx/animation/Animation')}
  0x000001ccbfeff718: 85f6 48bf | c81a cb1d | cd01 0000 | 48c7 c310 | 0100 0074 | 0748 c7c3 | 2001 0000 | 488b 041f 
  0x000001ccbfeff738: 488d 4001 | 4889 041f | 0f84 b600 | 0000 483b | 0648 8bfe 

  0x000001ccbfeff74c: ;   {metadata(method data for {method} {0x000001cd1d945458} 'setCurrentTicks' '(J)V' in 'javafx/animation/Animation')}
  0x000001ccbfeff74c: 48bb c81a | cb1d cd01 | 0000 8b7f | 0849 ba00 | 0000 dccc | 0100 0049 | 03fa 483b | bb40 0100 
  0x000001ccbfeff76c: 0075 0d48 | 8383 4801 | 0000 01e9 | 6000 0000 | 483b bb50 | 0100 0075 | 0d48 8383 | 5801 0000 
  0x000001ccbfeff78c: 01e9 4a00 | 0000 4883 | bb40 0100 | 0000 7517 | 4889 bb40 | 0100 0048 | c783 4801 | 0000 0100 
  0x000001ccbfeff7ac: 0000 e929 | 0000 0048 | 83bb 5001 | 0000 0075 | 1748 89bb | 5001 0000 | 48c7 8358 | 0100 0001 
  0x000001ccbfeff7cc: 0000 00e9 | 0800 0000 | 4883 8330 | 0100 0001 | 488b d666 | 0f1f 4400 | 0048 b8ff | ffff ffff 
  0x000001ccbfeff7ec: ;   {virtual_call}
  0x000001ccbfeff7ec: ffff ffe8 

  0x000001ccbfeff7f0: ; ImmutableOopMap {[144]=Oop }
                      ;*invokevirtual fireValueChangedEvent {reexecute=0 rethrow=0 return_oop=0}
                      ; - javafx.animation.Animation::setCurrentTicks@16 (line 1268)
                      ; - javafx.animation.AnimationAccessorImpl::setCurrentTicks@2 (line 54)
                      ; - com.sun.scenario.animation.shared.TimelineClipCore::setTime@13 (line 215)
                      ; - com.sun.scenario.animation.shared.TimelineClipCore::playTo@341 (line 208)
  0x000001ccbfeff7f0: 8cf5 b906 

  0x000001ccbfeff7f4: ;   {other}
  0x000001ccbfeff7f4: 0f1f 8400 | 640f 0007 | 488b 9424 | 9000 0000 | 8b52 2848 | c1e2 0348 | 3b02 4c8b 

  0x000001ccbfeff810: ;   {metadata(method data for {method} {0x000001cd1d958438} 'playTo' '(J)V' in 'com/sun/scenario/animation/shared/TimelineClipCore')}
  0x000001ccbfeff810: c248 bee8 | 4ee7 1dcd | 0100 0045 | 8b40 0849 | ba00 0000 | dccc 0100 | 004d 03c2 | 4c3b 8628 
  0x000001ccbfeff830: 0600 0075 | 0d48 8386 | 3006 0000 | 01e9 6000 | 0000 4c3b | 8638 0600 | 0075 0d48 | 8386 4006 
  0x000001ccbfeff850: 0000 01e9 | 4a00 0000 | 4883 be28 | 0600 0000 | 7517 4c89 | 8628 0600 | 0048 c786 | 3006 0000 
  0x000001ccbfeff870: 0100 0000 | e929 0000 | 0048 83be | 3806 0000 | 0075 174c | 8986 3806 | 0000 48c7 | 8640 0600 
  0x000001ccbfeff890: 0001 0000 | 00e9 0800 | 0000 4883 | 8618 0600 | 0001 4c8b | 8424 9800 | 0000 6666 | 9048 b8ff 
  0x000001ccbfeff8b0: ffff ffff 

  0x000001ccbfeff8b4: ;   {virtual_call}
  0x000001ccbfeff8b4: ffff ffe8 

  0x000001ccbfeff8b8: ; ImmutableOopMap {}
                      ;*invokevirtual interpolate {reexecute=0 rethrow=0 return_oop=0}
                      ; - com.sun.scenario.animation.shared.TimelineClipCore::playTo@349 (line 209)
  0x000001ccbfeff8b8: d4e3 c606 

  0x000001ccbfeff8bc: ;   {other}
  0x000001ccbfeff8bc: 0f1f 8400 | 2c10 0008 | 4881 c4c0 | 0000 005d 

  0x000001ccbfeff8cc: ;   {poll_return}
  0x000001ccbfeff8cc: 493b a750 | 0400 000f | 87e5 0200 | 00c3 4c8b | 8424 9800 | 0000 8b52 | 2848 c1e2 | 0348 3b02 
  0x000001ccbfeff8ec: ;   {metadata(method data for {method} {0x000001cd1d958438} 'playTo' '(J)V' in 'com/sun/scenario/animation/shared/TimelineClipCore')}
  0x000001ccbfeff8ec: 488b f248 | bfe8 4ee7 | 1dcd 0100 | 008b 7608 | 49ba 0000 | 00dc cc01 | 0000 4903 | f248 3bb7 
  0x000001ccbfeff90c: b001 0000 | 750d 4883 | 87b8 0100 | 0001 e960 | 0000 0048 | 3bb7 c001 | 0000 750d | 4883 87c8 
  0x000001ccbfeff92c: 0100 0001 | e94a 0000 | 0048 83bf | b001 0000 | 0075 1748 | 89b7 b001 | 0000 48c7 | 87b8 0100 
  0x000001ccbfeff94c: 0001 0000 | 00e9 2900 | 0000 4883 | bfc0 0100 | 0000 7517 | 4889 b7c0 | 0100 0048 | c787 c801 
  0x000001ccbfeff96c: 0000 0100 | 0000 e908 | 0000 0048 | 8387 a001 | 0000 0166 | 0f1f 4400 | 0048 b8ff | ffff ffff 
  0x000001ccbfeff98c: ;   {virtual_call}
  0x000001ccbfeff98c: ffff ffe8 

  0x000001ccbfeff990: ; ImmutableOopMap {}
                      ;*invokevirtual interpolate {reexecute=0 rethrow=0 return_oop=0}
                      ; - com.sun.scenario.animation.shared.TimelineClipCore::playTo@21 (line 162)
  0x000001ccbfeff990: ecf3 b906 

  0x000001ccbfeff994: ;   {other}
  0x000001ccbfeff994: 0f1f 8400 | 0411 0009 | 4881 c4c0 | 0000 005d 

  0x000001ccbfeff9a4: ;   {poll_return}
  0x000001ccbfeff9a4: 493b a750 | 0400 000f | 8728 0200 

  0x000001ccbfeff9b0: ;   {metadata({method} {0x000001cd1d958438} 'playTo' '(J)V' in 'com/sun/scenario/animation/shared/TimelineClipCore')}
  0x000001ccbfeff9b0: 00c3 49ba | 3084 951d | cd01 0000 | 4c89 5424 | 0848 c704 | 24ff ffff 

  0x000001ccbfeff9c8: ;   {runtime_call counter_overflow Runtime1 stub}
  0x000001ccbfeff9c8: ffe8 327a 

  0x000001ccbfeff9cc: ; ImmutableOopMap {rdx=Oop [144]=Oop }
                      ;*synchronization entry
                      ; - com.sun.scenario.animation.shared.TimelineClipCore::playTo@-1 (line 159)
  0x000001ccbfeff9cc: c606 e923 

  0x000001ccbfeff9d0: ;   {metadata({method} {0x000001cd1d958050} 'clearLastKeyFrame' '()V' in 'com/sun/scenario/animation/shared/TimelineClipCore')}
  0x000001ccbfeff9d0: f2ff ff49 | ba48 8095 | 1dcd 0100 | 004c 8954 | 2408 48c7 | 0424 ffff 

  0x000001ccbfeff9e8: ;   {runtime_call counter_overflow Runtime1 stub}
  0x000001ccbfeff9e8: ffff e811 

  0x000001ccbfeff9ec: ; ImmutableOopMap {rdx=Oop [144]=Oop }
                      ;*synchronization entry
                      ; - com.sun.scenario.animation.shared.TimelineClipCore::clearLastKeyFrame@-1 (line 133)
                      ; - com.sun.scenario.animation.shared.TimelineClipCore::playTo@8 (line 160)
  0x000001ccbfeff9ec: 7ac6 06e9 | 70f2 ffff 

  0x000001ccbfeff9f4: ;   {metadata({method} {0x000001cd1d958530} 'setTime' '(J)V' in 'com/sun/scenario/animation/shared/TimelineClipCore')}
  0x000001ccbfeff9f4: 49ba 2885 | 951d cd01 | 0000 4c89 | 5424 0848 | c704 24ff 

  0x000001ccbfeffa08: ;   {runtime_call counter_overflow Runtime1 stub}
  0x000001ccbfeffa08: ffff ffe8 

  0x000001ccbfeffa0c: ; ImmutableOopMap {rdx=Oop [144]=Oop }
                      ;*synchronization entry
                      ; - com.sun.scenario.animation.shared.TimelineClipCore::setTime@-1 (line 214)
                      ; - com.sun.scenario.animation.shared.TimelineClipCore::playTo@13 (line 161)
  0x000001ccbfeffa0c: f079 c606 | e992 f2ff 

  0x000001ccbfeffa14: ;   {runtime_call throw_null_pointer_exception Runtime1 stub}
  0x000001ccbfeffa14: ffe8 6608 

  0x000001ccbfeffa18: ; ImmutableOopMap {rax=Oop rdx=Oop rsi=Oop [144]=Oop }
                      ;*invokevirtual setCurrentTicks {reexecute=0 rethrow=0 return_oop=0}
                      ; - com.sun.scenario.animation.shared.TimelineClipCore::setTime@13 (line 215)
                      ; - com.sun.scenario.animation.shared.TimelineClipCore::playTo@13 (line 161)
                      ;   {metadata({method} {0x000001cd1d946558} 'setCurrentTicks' '(Ljavafx/animation/Animation;J)V' in 'javafx/animation/AnimationAccessorImpl')}
  0x000001ccbfeffa18: c606 49ba | 5065 941d | cd01 0000 | 4c89 5424 | 0848 c704 | 24ff ffff 

  0x000001ccbfeffa30: ;   {runtime_call counter_overflow Runtime1 stub}
  0x000001ccbfeffa30: ffe8 ca79 

  0x000001ccbfeffa34: ; ImmutableOopMap {rdx=Oop rsi=Oop [144]=Oop }
                      ;*synchronization entry
                      ; - javafx.animation.AnimationAccessorImpl::setCurrentTicks@-1 (line 54)
                      ; - com.sun.scenario.animation.shared.TimelineClipCore::setTime@13 (line 215)
                      ; - com.sun.scenario.animation.shared.TimelineClipCore::playTo@13 (line 161)
  0x000001ccbfeffa34: c606 e9dc 

  0x000001ccbfeffa38: ;   {runtime_call throw_null_pointer_exception Runtime1 stub}
  0x000001ccbfeffa38: f2ff ffe8 

  0x000001ccbfeffa3c: ; ImmutableOopMap {rdx=Oop rsi=Oop [144]=Oop }
                      ;*invokevirtual setCurrentTicks {reexecute=0 rethrow=0 return_oop=0}
                      ; - javafx.animation.AnimationAccessorImpl::setCurrentTicks@2 (line 54)
                      ; - com.sun.scenario.animation.shared.TimelineClipCore::setTime@13 (line 215)
                      ; - com.sun.scenario.animation.shared.TimelineClipCore::playTo@13 (line 161)
  0x000001ccbfeffa3c: 4008 c606 

  0x000001ccbfeffa40: ;   {metadata({method} {0x000001cd1d945458} 'setCurrentTicks' '(J)V' in 'javafx/animation/Animation')}
  0x000001ccbfeffa40: 49ba 5054 | 941d cd01 | 0000 4c89 | 5424 0848 | c704 24ff 

  0x000001ccbfeffa54: ;   {runtime_call counter_overflow Runtime1 stub}
  0x000001ccbfeffa54: ffff ffe8 

  0x000001ccbfeffa58: ; ImmutableOopMap {rdx=Oop rsi=Oop [144]=Oop }
                      ;*synchronization entry
                      ; - javafx.animation.Animation::setCurrentTicks@-1 (line 1266)
                      ; - javafx.animation.AnimationAccessorImpl::setCurrentTicks@2 (line 54)
                      ; - com.sun.scenario.animation.shared.TimelineClipCore::setTime@13 (line 215)
                      ; - com.sun.scenario.animation.shared.TimelineClipCore::playTo@13 (line 161)
  0x000001ccbfeffa58: a479 c606 | e973 f3ff 

  0x000001ccbfeffa60: ;   {runtime_call throw_null_pointer_exception Runtime1 stub}
  0x000001ccbfeffa60: ffe8 1a08 

  0x000001ccbfeffa64: ; ImmutableOopMap {rsi=Oop [144]=Oop }
                      ;*invokevirtual fireValueChangedEvent {reexecute=0 rethrow=0 return_oop=0}
                      ; - javafx.animation.Animation::setCurrentTicks@16 (line 1268)
                      ; - javafx.animation.AnimationAccessorImpl::setCurrentTicks@2 (line 54)
                      ; - com.sun.scenario.animation.shared.TimelineClipCore::setTime@13 (line 215)
                      ; - com.sun.scenario.animation.shared.TimelineClipCore::playTo@13 (line 161)
                      ;   {runtime_call throw_null_pointer_exception Runtime1 stub}
  0x000001ccbfeffa64: c606 e815 

  0x000001ccbfeffa68: ; ImmutableOopMap {rdx=Oop r9=Oop [144]=Oop }
                      ;*laload {reexecute=0 rethrow=0 return_oop=0}
                      ; - com.sun.scenario.animation.shared.TimelineClipCore::playTo@69 (line 170)
                      ;   {runtime_call throw_null_pointer_exception Runtime1 stub}
  0x000001ccbfeffa68: 08c6 06e8 

  0x000001ccbfeffa6c: ; ImmutableOopMap {rdx=Oop r9=Oop [144]=Oop }
                      ;*laload {reexecute=0 rethrow=0 return_oop=0}
                      ; - com.sun.scenario.animation.shared.TimelineClipCore::playTo@69 (line 170)
  0x000001ccbfeffa6c: 1008 c606 | 4c89 0424 | 4c89 4c24 

  0x000001ccbfeffa78: ;   {runtime_call throw_range_check_failed Runtime1 stub}
  0x000001ccbfeffa78: 08e8 82f5 

  0x000001ccbfeffa7c: ; ImmutableOopMap {rdx=Oop r9=Oop [144]=Oop }
                      ;*laload {reexecute=0 rethrow=0 return_oop=0}
                      ; - com.sun.scenario.animation.shared.TimelineClipCore::playTo@69 (line 170)
                      ;   {runtime_call throw_null_pointer_exception Runtime1 stub}
  0x000001ccbfeffa7c: c506 e8fd 

  0x000001ccbfeffa80: ; ImmutableOopMap {rdx=Oop [144]=Oop }
                      ;*arraylength {reexecute=0 rethrow=0 return_oop=0}
                      ; - com.sun.scenario.animation.shared.TimelineClipCore::playTo@97 (line 172)
                      ;   {runtime_call throw_null_pointer_exception Runtime1 stub}
  0x000001ccbfeffa80: 07c6 06e8 

  0x000001ccbfeffa84: ; ImmutableOopMap {rdx=Oop r9=Oop [144]=Oop }
                      ;*laload {reexecute=0 rethrow=0 return_oop=0}
                      ; - com.sun.scenario.animation.shared.TimelineClipCore::playTo@117 (line 174)
  0x000001ccbfeffa84: f807 c606 

  0x000001ccbfeffa88: ;   {runtime_call throw_null_pointer_exception Runtime1 stub}
  0x000001ccbfeffa88: e8f3 07c6 

  0x000001ccbfeffa8c: ; ImmutableOopMap {rdx=Oop r9=Oop [144]=Oop }
                      ;*laload {reexecute=0 rethrow=0 return_oop=0}
                      ; - com.sun.scenario.animation.shared.TimelineClipCore::playTo@117 (line 174)
  0x000001ccbfeffa8c: 064c 8904 | 244c 894c 

  0x000001ccbfeffa94: ;   {runtime_call throw_range_check_failed Runtime1 stub}
  0x000001ccbfeffa94: 2408 e865 

  0x000001ccbfeffa98: ; ImmutableOopMap {rdx=Oop r9=Oop [144]=Oop }
                      ;*laload {reexecute=0 rethrow=0 return_oop=0}
                      ; - com.sun.scenario.animation.shared.TimelineClipCore::playTo@117 (line 174)
                      ;   {metadata({method} {0x000001cd1d958438} 'playTo' '(J)V' in 'com/sun/scenario/animation/shared/TimelineClipCore')}
  0x000001ccbfeffa98: f5c5 0649 | ba30 8495 | 1dcd 0100 | 004c 8954 | 2408 48c7 | 0424 a900 

  0x000001ccbfeffab0: ;   {runtime_call counter_overflow Runtime1 stub}
  0x000001ccbfeffab0: 0000 e849 

  0x000001ccbfeffab4: ; ImmutableOopMap {rdx=Oop [144]=Oop }
                      ;*goto {reexecute=1 rethrow=0 return_oop=0}
                      ; - (reexecute) com.sun.scenario.animation.shared.TimelineClipCore::playTo@169 (line 173)
  0x000001ccbfeffab4: 79c6 06e9 | e8f6 ffff 

  0x000001ccbfeffabc: ;   {runtime_call throw_null_pointer_exception Runtime1 stub}
  0x000001ccbfeffabc: e8bf 07c6 

  0x000001ccbfeffac0: ; ImmutableOopMap {rdx=Oop [144]=Oop }
                      ;*arraylength {reexecute=0 rethrow=0 return_oop=0}
                      ; - com.sun.scenario.animation.shared.TimelineClipCore::playTo@187 (line 187)
                      ;   {runtime_call throw_null_pointer_exception Runtime1 stub}
  0x000001ccbfeffac0: 06e8 ba07 

  0x000001ccbfeffac4: ; ImmutableOopMap {rdx=Oop r9=Oop [144]=Oop }
                      ;*laload {reexecute=0 rethrow=0 return_oop=0}
                      ; - com.sun.scenario.animation.shared.TimelineClipCore::playTo@201 (line 188)
                      ;   {runtime_call throw_null_pointer_exception Runtime1 stub}
  0x000001ccbfeffac4: c606 e8b5 

  0x000001ccbfeffac8: ; ImmutableOopMap {rdx=Oop r9=Oop [144]=Oop }
                      ;*laload {reexecute=0 rethrow=0 return_oop=0}
                      ; - com.sun.scenario.animation.shared.TimelineClipCore::playTo@201 (line 188)
  0x000001ccbfeffac8: 07c6 064c | 8904 244c | 894c 2408 

  0x000001ccbfeffad4: ;   {runtime_call throw_range_check_failed Runtime1 stub}
  0x000001ccbfeffad4: e827 f5c5 

  0x000001ccbfeffad8: ; ImmutableOopMap {rdx=Oop r9=Oop [144]=Oop }
                      ;*laload {reexecute=0 rethrow=0 return_oop=0}
                      ; - com.sun.scenario.animation.shared.TimelineClipCore::playTo@201 (line 188)
                      ;   {runtime_call throw_null_pointer_exception Runtime1 stub}
  0x000001ccbfeffad8: 06e8 a207 

  0x000001ccbfeffadc: ; ImmutableOopMap {rdx=Oop r9=Oop [144]=Oop }
                      ;*laload {reexecute=0 rethrow=0 return_oop=0}
                      ; - com.sun.scenario.animation.shared.TimelineClipCore::playTo@240 (line 191)
                      ;   {runtime_call throw_null_pointer_exception Runtime1 stub}
  0x000001ccbfeffadc: c606 e89d 

  0x000001ccbfeffae0: ; ImmutableOopMap {rdx=Oop r9=Oop [144]=Oop }
                      ;*laload {reexecute=0 rethrow=0 return_oop=0}
                      ; - com.sun.scenario.animation.shared.TimelineClipCore::playTo@240 (line 191)
  0x000001ccbfeffae0: 07c6 064c | 8904 244c | 894c 2408 

  0x000001ccbfeffaec: ;   {runtime_call throw_range_check_failed Runtime1 stub}
  0x000001ccbfeffaec: e80f f5c5 

  0x000001ccbfeffaf0: ; ImmutableOopMap {rdx=Oop r9=Oop [144]=Oop }
                      ;*laload {reexecute=0 rethrow=0 return_oop=0}
                      ; - com.sun.scenario.animation.shared.TimelineClipCore::playTo@240 (line 191)
                      ;   {metadata({method} {0x000001cd1d958438} 'playTo' '(J)V' in 'com/sun/scenario/animation/shared/TimelineClipCore')}
  0x000001ccbfeffaf0: 0649 ba30 | 8495 1dcd | 0100 004c | 8954 2408 | 48c7 0424 | 2401 0000 

  0x000001ccbfeffb08: ;   {runtime_call counter_overflow Runtime1 stub}
  0x000001ccbfeffb08: e8f3 78c6 

  0x000001ccbfeffb0c: ; ImmutableOopMap {rdx=Oop [144]=Oop }
                      ;*goto {reexecute=1 rethrow=0 return_oop=0}
                      ; - (reexecute) com.sun.scenario.animation.shared.TimelineClipCore::playTo@292 (line 190)
  0x000001ccbfeffb0c: 06e9 1ef9 

  0x000001ccbfeffb10: ;   {runtime_call throw_null_pointer_exception Runtime1 stub}
  0x000001ccbfeffb10: ffff e869 

  0x000001ccbfeffb14: ; ImmutableOopMap {rdx=Oop rdi=Oop [144]=Oop }
                      ;*laload {reexecute=0 rethrow=0 return_oop=0}
                      ; - com.sun.scenario.animation.shared.TimelineClipCore::playTo@318 (line 204)
                      ;   {runtime_call throw_null_pointer_exception Runtime1 stub}
  0x000001ccbfeffb14: 07c6 06e8 

  0x000001ccbfeffb18: ; ImmutableOopMap {rdx=Oop rdi=Oop [144]=Oop }
                      ;*laload {reexecute=0 rethrow=0 return_oop=0}
                      ; - com.sun.scenario.animation.shared.TimelineClipCore::playTo@318 (line 204)
  0x000001ccbfeffb18: 6407 c606 | 4889 3424 | 4889 7c24 

  0x000001ccbfeffb24: ;   {runtime_call throw_range_check_failed Runtime1 stub}
  0x000001ccbfeffb24: 08e8 d6f4 

  0x000001ccbfeffb28: ; ImmutableOopMap {rdx=Oop rdi=Oop [144]=Oop }
                      ;*laload {reexecute=0 rethrow=0 return_oop=0}
                      ; - com.sun.scenario.animation.shared.TimelineClipCore::playTo@318 (line 204)
                      ;   {runtime_call throw_null_pointer_exception Runtime1 stub}
  0x000001ccbfeffb28: c506 e851 

  0x000001ccbfeffb2c: ; ImmutableOopMap {rdx=Oop rdi=Oop [144]=Oop }
                      ;*aaload {reexecute=0 rethrow=0 return_oop=0}
                      ; - com.sun.scenario.animation.shared.TimelineClipCore::playTo@332 (line 204)
                      ;   {runtime_call throw_null_pointer_exception Runtime1 stub}
  0x000001ccbfeffb2c: 07c6 06e8 

  0x000001ccbfeffb30: ; ImmutableOopMap {rdx=Oop rdi=Oop [144]=Oop }
                      ;*aaload {reexecute=0 rethrow=0 return_oop=0}
                      ; - com.sun.scenario.animation.shared.TimelineClipCore::playTo@332 (line 204)
  0x000001ccbfeffb30: 4c07 c606 | 4889 3424 | 4889 7c24 

  0x000001ccbfeffb3c: ;   {runtime_call throw_range_check_failed Runtime1 stub}
  0x000001ccbfeffb3c: 08e8 bef4 

  0x000001ccbfeffb40: ; ImmutableOopMap {rdx=Oop rdi=Oop [144]=Oop }
                      ;*aaload {reexecute=0 rethrow=0 return_oop=0}
                      ; - com.sun.scenario.animation.shared.TimelineClipCore::playTo@332 (line 204)
                      ;   {runtime_call throw_null_pointer_exception Runtime1 stub}
  0x000001ccbfeffb40: c506 e839 

  0x000001ccbfeffb44: ; ImmutableOopMap {rdx=Oop rsi=Oop [144]=Oop }
                      ;*invokevirtual getOnFinished {reexecute=0 rethrow=0 return_oop=0}
                      ; - com.sun.scenario.animation.shared.TimelineClipCore::playTo@333 (line 207)
                      ;   {metadata({method} {0x000001cd1d958530} 'setTime' '(J)V' in 'com/sun/scenario/animation/shared/TimelineClipCore')}
  0x000001ccbfeffb44: 07c6 0649 | ba28 8595 | 1dcd 0100 | 004c 8954 | 2408 48c7 | 0424 ffff 

  0x000001ccbfeffb5c: ;   {runtime_call counter_overflow Runtime1 stub}
  0x000001ccbfeffb5c: ffff e89d 

  0x000001ccbfeffb60: ; ImmutableOopMap {rdx=Oop [144]=Oop }
                      ;*synchronization entry
                      ; - com.sun.scenario.animation.shared.TimelineClipCore::setTime@-1 (line 214)
                      ; - com.sun.scenario.animation.shared.TimelineClipCore::playTo@341 (line 208)
  0x000001ccbfeffb60: 78c6 06e9 | 6bfa ffff 

  0x000001ccbfeffb68: ;   {runtime_call throw_null_pointer_exception Runtime1 stub}
  0x000001ccbfeffb68: e813 07c6 

  0x000001ccbfeffb6c: ; ImmutableOopMap {rax=Oop rdx=Oop rsi=Oop [144]=Oop }
                      ;*invokevirtual setCurrentTicks {reexecute=0 rethrow=0 return_oop=0}
                      ; - com.sun.scenario.animation.shared.TimelineClipCore::setTime@13 (line 215)
                      ; - com.sun.scenario.animation.shared.TimelineClipCore::playTo@341 (line 208)
                      ;   {metadata({method} {0x000001cd1d946558} 'setCurrentTicks' '(Ljavafx/animation/Animation;J)V' in 'javafx/animation/AnimationAccessorImpl')}
  0x000001ccbfeffb6c: 0649 ba50 | 6594 1dcd | 0100 004c | 8954 2408 | 48c7 0424 | ffff ffff 

  0x000001ccbfeffb84: ;   {runtime_call counter_overflow Runtime1 stub}
  0x000001ccbfeffb84: e877 78c6 

  0x000001ccbfeffb88: ; ImmutableOopMap {rdx=Oop rsi=Oop [144]=Oop }
                      ;*synchronization entry
                      ; - javafx.animation.AnimationAccessorImpl::setCurrentTicks@-1 (line 54)
                      ; - com.sun.scenario.animation.shared.TimelineClipCore::setTime@13 (line 215)
                      ; - com.sun.scenario.animation.shared.TimelineClipCore::playTo@341 (line 208)
  0x000001ccbfeffb88: 06e9 b9fa 

  0x000001ccbfeffb8c: ;   {runtime_call throw_null_pointer_exception Runtime1 stub}
  0x000001ccbfeffb8c: ffff e8ed 

  0x000001ccbfeffb90: ; ImmutableOopMap {rdx=Oop rsi=Oop [144]=Oop }
                      ;*invokevirtual setCurrentTicks {reexecute=0 rethrow=0 return_oop=0}
                      ; - javafx.animation.AnimationAccessorImpl::setCurrentTicks@2 (line 54)
                      ; - com.sun.scenario.animation.shared.TimelineClipCore::setTime@13 (line 215)
                      ; - com.sun.scenario.animation.shared.TimelineClipCore::playTo@341 (line 208)
                      ;   {metadata({method} {0x000001cd1d945458} 'setCurrentTicks' '(J)V' in 'javafx/animation/Animation')}
  0x000001ccbfeffb90: 06c6 0649 | ba50 5494 | 1dcd 0100 | 004c 8954 | 2408 48c7 | 0424 ffff 

  0x000001ccbfeffba8: ;   {runtime_call counter_overflow Runtime1 stub}
  0x000001ccbfeffba8: ffff e851 

  0x000001ccbfeffbac: ; ImmutableOopMap {rdx=Oop rsi=Oop [144]=Oop }
                      ;*synchronization entry
                      ; - javafx.animation.Animation::setCurrentTicks@-1 (line 1266)
                      ; - javafx.animation.AnimationAccessorImpl::setCurrentTicks@2 (line 54)
                      ; - com.sun.scenario.animation.shared.TimelineClipCore::setTime@13 (line 215)
                      ; - com.sun.scenario.animation.shared.TimelineClipCore::playTo@341 (line 208)
  0x000001ccbfeffbac: 78c6 06e9 | 50fb ffff 

  0x000001ccbfeffbb4: ;   {runtime_call throw_null_pointer_exception Runtime1 stub}
  0x000001ccbfeffbb4: e8c7 06c6 

  0x000001ccbfeffbb8: ; ImmutableOopMap {rsi=Oop [144]=Oop }
                      ;*invokevirtual fireValueChangedEvent {reexecute=0 rethrow=0 return_oop=0}
                      ; - javafx.animation.Animation::setCurrentTicks@16 (line 1268)
                      ; - javafx.animation.AnimationAccessorImpl::setCurrentTicks@2 (line 54)
                      ; - com.sun.scenario.animation.shared.TimelineClipCore::setTime@13 (line 215)
                      ; - com.sun.scenario.animation.shared.TimelineClipCore::playTo@341 (line 208)
                      ;   {runtime_call throw_null_pointer_exception Runtime1 stub}
  0x000001ccbfeffbb8: 06e8 c206 

  0x000001ccbfeffbbc: ; ImmutableOopMap {rdx=Oop }
                      ;*invokevirtual interpolate {reexecute=0 rethrow=0 return_oop=0}
                      ; - com.sun.scenario.animation.shared.TimelineClipCore::playTo@349 (line 209)
                      ;   {internal_word}
  0x000001ccbfeffbbc: c606 49ba | ccf8 efbf | cc01 0000 | 4d89 9768 

  0x000001ccbfeffbcc: ;   {runtime_call SafepointBlob}
  0x000001ccbfeffbcc: 0400 00e9 | 2c5b ba06 

  0x000001ccbfeffbd4: ;   {runtime_call throw_null_pointer_exception Runtime1 stub}
  0x000001ccbfeffbd4: e8a7 06c6 

  0x000001ccbfeffbd8: ; ImmutableOopMap {rdx=Oop }
                      ;*invokevirtual interpolate {reexecute=0 rethrow=0 return_oop=0}
                      ; - com.sun.scenario.animation.shared.TimelineClipCore::playTo@21 (line 162)
                      ;   {internal_word}
  0x000001ccbfeffbd8: 0649 baa4 | f9ef bfcc | 0100 004d | 8997 6804 

  0x000001ccbfeffbe8: ;   {runtime_call SafepointBlob}
  0x000001ccbfeffbe8: 0000 e911 | 5bba 0649 | 8b87 0005 | 0000 49c7 | 8700 0500 | 0000 0000 | 0049 c787 | 0805 0000 
  0x000001ccbfeffc08: 0000 0000 | 4881 c4c0 | 0000 005d 

  0x000001ccbfeffc14: ;   {runtime_call unwind_exception Runtime1 stub}
  0x000001ccbfeffc14: e9e7 edc5 | 06f4 f4f4 | f4f4 f4f4 
[Stub Code]
  0x000001ccbfeffc20: ;   {no_reloc}
  0x000001ccbfeffc20: 0f1f 4400 

  0x000001ccbfeffc24: ;   {static_stub}
  0x000001ccbfeffc24: 0048 bb00 | 0000 0000 

  0x000001ccbfeffc2c: ;   {runtime_call nmethod}
  0x000001ccbfeffc2c: 0000 00e9 | fbff ffff 

  0x000001ccbfeffc34: ;   {static_stub}
  0x000001ccbfeffc34: 9048 bb00 | 0000 0000 

  0x000001ccbfeffc3c: ;   {runtime_call nmethod}
  0x000001ccbfeffc3c: 0000 00e9 | fbff ffff 

  0x000001ccbfeffc44: ;   {static_stub}
  0x000001ccbfeffc44: 9048 bb00 | 0000 0000 

  0x000001ccbfeffc4c: ;   {runtime_call nmethod}
  0x000001ccbfeffc4c: 0000 00e9 | fbff ffff 

  0x000001ccbfeffc54: ;   {static_stub}
  0x000001ccbfeffc54: 9048 bb00 | 0000 0000 

  0x000001ccbfeffc5c: ;   {runtime_call nmethod}
  0x000001ccbfeffc5c: 0000 00e9 | fbff ffff 

  0x000001ccbfeffc64: ;   {static_stub}
  0x000001ccbfeffc64: 48bb 0000 | 0000 0000 

  0x000001ccbfeffc6c: ;   {runtime_call nmethod}
  0x000001ccbfeffc6c: 0000 e9fb 

  0x000001ccbfeffc70: ;   {static_stub}
  0x000001ccbfeffc70: ffff ff48 | bb40 8695 | 1dcd 0100 

  0x000001ccbfeffc7c: ;   {runtime_call I2C/C2I adapters}
  0x000001ccbfeffc7c: 00e9 e934 

  0x000001ccbfeffc80: ;   {runtime_call handle_exception_from_callee Runtime1 stub}
  0x000001ccbfeffc80: b906 e8f9 

  0x000001ccbfeffc84: ;   {external_word}
  0x000001ccbfeffc84: 23c6 0648 | b910 06ed | b5fd 7f00 | 0048 83e4 

  0x000001ccbfeffc94: ;   {runtime_call}
  0x000001ccbfeffc94: f048 b820 | e5ad b5fd | 7f00 00ff 

  0x000001ccbfeffca0: ;   {section_word}
  0x000001ccbfeffca0: d0f4 49ba | a2fc efbf | cc01 0000 

  0x000001ccbfeffcac: ;   {runtime_call DeoptimizationBlob}
  0x000001ccbfeffcac: 4152 e9ed | 4cba 06f4 | f4f4 f4f4 
[/MachCode]


Compiled method (c1) 5848 4416       3       javafx.animation.Timeline::doPlayTo (9 bytes)
 total in heap  [0x000001ccbfefd790,0x000001ccbfefdb48] = 952
 relocation     [0x000001ccbfefd8f0,0x000001ccbfefd930] = 64
 main code      [0x000001ccbfefd940,0x000001ccbfefda58] = 280
 stub code      [0x000001ccbfefda58,0x000001ccbfefdaa0] = 72
 oops           [0x000001ccbfefdaa0,0x000001ccbfefdaa8] = 8
 metadata       [0x000001ccbfefdaa8,0x000001ccbfefdab8] = 16
 scopes data    [0x000001ccbfefdab8,0x000001ccbfefdae0] = 40
 scopes pcs     [0x000001ccbfefdae0,0x000001ccbfefdb30] = 80
 dependencies   [0x000001ccbfefdb30,0x000001ccbfefdb38] = 8
 nul chk table  [0x000001ccbfefdb38,0x000001ccbfefdb48] = 16

[Constant Pool (empty)]

[MachCode]
[Entry Point]
  # {method} {0x000001cd1d939a48} 'doPlayTo' '(JJ)V' in 'javafx/animation/Timeline'
  # this:     rdx:rdx   = 'javafx/animation/Timeline'
  # parm0:    r8:r8     = long
  # parm1:    r9:r9     = long
  #           [sp+0x40]  (sp of caller)
  0x000001ccbfefd940: 448b 5208 | 49bb 0000 | 00dc cc01 | 0000 4d03 | d34c 3bd0 

  0x000001ccbfefd954: ;   {runtime_call ic_miss_stub}
  0x000001ccbfefd954: 0f85 260e | ba06 660f | 1f44 0000 
[Verified Entry Point]
  0x000001ccbfefd960: 8984 2400 | 80ff ff55 | 4883 ec30 | 4181 7f20 | 0100 0000 

  0x000001ccbfefd974: ;   {runtime_call StubRoutines (final stubs)}
  0x000001ccbfefd974: 7405 e8e5 

  0x000001ccbfefd978: ;   {metadata(method data for {method} {0x000001cd1d939a48} 'doPlayTo' '(JJ)V' in 'javafx/animation/Timeline')}
  0x000001ccbfefd978: 73b8 0648 | be98 4be7 | 1dcd 0100 | 008b becc | 0000 0083 | c702 89be | cc00 0000 | 81e7 fe07 
  0x000001ccbfefd998: 0000 85ff | 0f84 5500 | 0000 8b92 | 8400 0000 | 48c1 e203 

  0x000001ccbfefd9ac: ; implicit exception: dispatches to 0x000001ccbfefda15
  0x000001ccbfefd9ac: 483b 0248 

  0x000001ccbfefd9b0: ;   {metadata(method data for {method} {0x000001cd1d939a48} 'doPlayTo' '(JJ)V' in 'javafx/animation/Timeline')}
  0x000001ccbfefd9b0: 8bf2 48bf | 984b e71d | cd01 0000 

  0x000001ccbfefd9bc: ;   {metadata('com/sun/scenario/animation/shared/TimelineClipCore')}
  0x000001ccbfefd9bc: 49ba 7035 | 14dd cc01 | 0000 4c89 | 9720 0100 | 0048 8387 | 2801 0000 

  0x000001ccbfefd9d4: ;   {optimized virtual_call}
  0x000001ccbfefd9d4: 0166 90e8 

  0x000001ccbfefd9d8: ; ImmutableOopMap {}
                      ;*invokevirtual playTo {reexecute=0 rethrow=0 return_oop=0}
                      ; - javafx.animation.Timeline::doPlayTo@5 (line 172)
  0x000001ccbfefd9d8: c411 0000 

  0x000001ccbfefd9dc: ;   {other}
  0x000001ccbfefd9dc: 0f1f 8400 | 4c02 0000 | 4883 c430 

  0x000001ccbfefd9e8: ;   {poll_return}
  0x000001ccbfefd9e8: 5d49 3ba7 | 5004 0000 | 0f87 2400 

  0x000001ccbfefd9f4: ;   {metadata({method} {0x000001cd1d939a48} 'doPlayTo' '(JJ)V' in 'javafx/animation/Timeline')}
  0x000001ccbfefd9f4: 0000 c349 | ba40 9a93 | 1dcd 0100 | 004c 8954 | 2408 48c7 | 0424 ffff 

  0x000001ccbfefda0c: ;   {runtime_call counter_overflow Runtime1 stub}
  0x000001ccbfefda0c: ffff e8ed 

  0x000001ccbfefda10: ; ImmutableOopMap {rdx=Oop }
                      ;*synchronization entry
                      ; - javafx.animation.Timeline::doPlayTo@-1 (line 172)
  0x000001ccbfefda10: 99c6 06eb 

  0x000001ccbfefda14: ;   {runtime_call throw_null_pointer_exception Runtime1 stub}
  0x000001ccbfefda14: 8de8 6628 

  0x000001ccbfefda18: ; ImmutableOopMap {rdx=Oop }
                      ;*invokevirtual playTo {reexecute=0 rethrow=0 return_oop=0}
                      ; - javafx.animation.Timeline::doPlayTo@5 (line 172)
                      ;   {internal_word}
  0x000001ccbfefda18: c606 49ba | e9d9 efbf | cc01 0000 | 4d89 9768 

  0x000001ccbfefda28: ;   {runtime_call SafepointBlob}
  0x000001ccbfefda28: 0400 00e9 | d07c ba06 | 498b 8700 | 0500 0049 | c787 0005 | 0000 0000 | 0000 49c7 | 8708 0500 
  0x000001ccbfefda48: 0000 0000 | 0048 83c4 

  0x000001ccbfefda50: ;   {runtime_call unwind_exception Runtime1 stub}
  0x000001ccbfefda50: 305d e9a9 | 0fc6 06f4 
[Stub Code]
  0x000001ccbfefda58: ;   {no_reloc}
  0x000001ccbfefda58: 0f1f 4400 

  0x000001ccbfefda5c: ;   {static_stub}
  0x000001ccbfefda5c: 0048 bb00 | 0000 0000 

  0x000001ccbfefda64: ;   {runtime_call nmethod}
  0x000001ccbfefda64: 0000 00e9 | fbff ffff 
[Exception Handler]
  0x000001ccbfefda6c: ;   {runtime_call handle_exception_from_callee Runtime1 stub}
  0x000001ccbfefda6c: e80f 46c6 

  0x000001ccbfefda70: ;   {external_word}
  0x000001ccbfefda70: 0648 b910 | 06ed b5fd | 7f00 0048 

  0x000001ccbfefda7c: ;   {runtime_call}
  0x000001ccbfefda7c: 83e4 f048 | b820 e5ad | b5fd 7f00 | 00ff d0f4 
[Deopt Handler Code]
  0x000001ccbfefda8c: ;   {section_word}
  0x000001ccbfefda8c: 49ba 8cda | efbf cc01 | 0000 4152 

  0x000001ccbfefda98: ;   {runtime_call DeoptimizationBlob}
  0x000001ccbfefda98: e903 6fba | 06f4 f4f4 
[/MachCode]


---------------  P R O C E S S  ---------------

Threads class SMR info:
_java_thread_list=0x000001cd2a008780, length=23, elements={
0x000001ccb5d02310, 0x000001cd2100b4b0, 0x000001cd2100c580, 0x000001cd2100fda0,
0x000001cd21012810, 0x000001cd21014690, 0x000001cd2101a210, 0x000001cd21022bc0,
0x000001cd21025280, 0x000001cd21170630, 0x000001ccdb56aa50, 0x000001cd2116f910,
0x000001cd2116d840, 0x000001cd2116ded0, 0x000001cd2116ffa0, 0x000001cd2116d1b0,
0x000001cd2116f280, 0x000001cd21a55990, 0x000001cd21a5c710, 0x000001cd21a57a60,
0x000001cd21a55300, 0x000001cd21a59b30, 0x000001cd21a56020
}

Java Threads: ( => current thread )
  0x000001ccb5d02310 JavaThread "main"                              [_thread_blocked, id=20792, stack(0x0000004c58200000,0x0000004c58300000) (1024K)]
  0x000001cd2100b4b0 JavaThread "Reference Handler"          daemon [_thread_blocked, id=17176, stack(0x0000004c58a00000,0x0000004c58b00000) (1024K)]
  0x000001cd2100c580 JavaThread "Finalizer"                  daemon [_thread_blocked, id=19684, stack(0x0000004c58b00000,0x0000004c58c00000) (1024K)]
  0x000001cd2100fda0 JavaThread "Signal Dispatcher"          daemon [_thread_blocked, id=324, stack(0x0000004c58c00000,0x0000004c58d00000) (1024K)]
  0x000001cd21012810 JavaThread "Attach Listener"            daemon [_thread_blocked, id=5228, stack(0x0000004c58d00000,0x0000004c58e00000) (1024K)]
  0x000001cd21014690 JavaThread "Service Thread"             daemon [_thread_blocked, id=4088, stack(0x0000004c58e00000,0x0000004c58f00000) (1024K)]
  0x000001cd2101a210 JavaThread "Monitor Deflation Thread"   daemon [_thread_blocked, id=14740, stack(0x0000004c58f00000,0x0000004c59000000) (1024K)]
  0x000001cd21022bc0 JavaThread "C2 CompilerThread0"         daemon [_thread_blocked, id=16312, stack(0x0000004c59000000,0x0000004c59100000) (1024K)]
  0x000001cd21025280 JavaThread "C1 CompilerThread0"         daemon [_thread_blocked, id=25300, stack(0x0000004c59100000,0x0000004c59200000) (1024K)]
  0x000001cd21170630 JavaThread "Common-Cleaner"             daemon [_thread_blocked, id=1392, stack(0x0000004c59200000,0x0000004c59300000) (1024K)]
  0x000001ccdb56aa50 JavaThread "C1 CompilerThread1"         daemon [_thread_blocked, id=4328, stack(0x0000004c59300000,0x0000004c59400000) (1024K)]
  0x000001cd2116f910 JavaThread "Monitor Ctrl-Break"         daemon [_thread_in_native, id=19816, stack(0x0000004c59500000,0x0000004c59600000) (1024K)]
  0x000001cd2116d840 JavaThread "Notification Thread"        daemon [_thread_blocked, id=30736, stack(0x0000004c59600000,0x0000004c59700000) (1024K)]
  0x000001cd2116ded0 JavaThread "QuantumRenderer-0"          daemon [_thread_blocked, id=12512, stack(0x0000004c59700000,0x0000004c59800000) (1024K)]
  0x000001cd2116ffa0 JavaThread "InvokeLaterDispatcher"      daemon [_thread_blocked, id=18596, stack(0x0000004c59a00000,0x0000004c59b00000) (1024K)]
=>0x000001cd2116d1b0 JavaThread "JavaFX Application Thread"         [_thread_in_vm, id=17612, stack(0x0000004c59b00000,0x0000004c59c00000) (1024K)]
  0x000001cd2116f280 JavaThread "JavaFX-Launcher"                   [_thread_blocked, id=3936, stack(0x0000004c59d00000,0x0000004c59e00000) (1024K)]
  0x000001cd21a55990 JavaThread "Thread-2"                   daemon [_thread_in_native, id=7408, stack(0x0000004c59c00000,0x0000004c59d00000) (1024K)]
  0x000001cd21a5c710 JavaThread "C1 CompilerThread2"         daemon [_thread_blocked, id=9416, stack(0x0000004c59e00000,0x0000004c59f00000) (1024K)]
  0x000001cd21a57a60 JavaThread "Prism Font Disposer"        daemon [_thread_blocked, id=26472, stack(0x0000004c5b400000,0x0000004c5b500000) (1024K)]
  0x000001cd21a55300 JavaThread "JFXMedia Player EventQueueThread" daemon [_thread_blocked, id=26292, stack(0x0000004c5b660000,0x0000004c5b760000) (1024K)]
  0x000001cd21a59b30 JavaThread "Media Resource Disposer"    daemon [_thread_blocked, id=20852, stack(0x0000004c5bc60000,0x0000004c5bd60000) (1024K)]
  0x000001cd21a56020 JavaThread "Thread-14"                  daemon [_thread_blocked, id=29848, stack(0x0000004c5a100000,0x0000004c5a200000) (1024K)]
Total: 23

Other Threads:
  0x000001ccdb57b010 VMThread "VM Thread"                           [id=16468, stack(0x0000004c58900000,0x0000004c58a00000) (1024K)]
  0x000001ccdb5695c0 WatcherThread "VM Periodic Task Thread"        [id=20068, stack(0x0000004c58800000,0x0000004c58900000) (1024K)]
  0x000001ccb5daaac0 WorkerThread "GC Thread#0"                     [id=22752, stack(0x0000004c58300000,0x0000004c58400000) (1024K)]
  0x000001cd2b12b6e0 WorkerThread "GC Thread#1"                     [id=2104, stack(0x0000004c5a600000,0x0000004c5a700000) (1024K)]
  0x000001cd2adb4ac0 WorkerThread "GC Thread#2"                     [id=16668, stack(0x0000004c5a700000,0x0000004c5a800000) (1024K)]
  0x000001cd2adb4e70 WorkerThread "GC Thread#3"                     [id=21820, stack(0x0000004c5a800000,0x0000004c5a900000) (1024K)]
  0x000001cd2ae60060 WorkerThread "GC Thread#4"                     [id=23164, stack(0x0000004c5a900000,0x0000004c5aa00000) (1024K)]
  0x000001cd2a075d20 WorkerThread "GC Thread#5"                     [id=30752, stack(0x0000004c5aa00000,0x0000004c5ab00000) (1024K)]
  0x000001cd2a0760d0 WorkerThread "GC Thread#6"                     [id=16220, stack(0x0000004c5ab00000,0x0000004c5ac00000) (1024K)]
  0x000001cd2a076480 WorkerThread "GC Thread#7"                     [id=27244, stack(0x0000004c5ac00000,0x0000004c5ad00000) (1024K)]
  0x000001cd2ac8bdb0 WorkerThread "GC Thread#8"                     [id=6512, stack(0x0000004c5ad00000,0x0000004c5ae00000) (1024K)]
  0x000001cd29cd6630 WorkerThread "GC Thread#9"                     [id=1704, stack(0x0000004c5ae00000,0x0000004c5af00000) (1024K)]
  0x000001cd2a59e0b0 WorkerThread "GC Thread#10"                    [id=3472, stack(0x0000004c5af00000,0x0000004c5b000000) (1024K)]
  0x000001cd2a59d1f0 WorkerThread "GC Thread#11"                    [id=31720, stack(0x0000004c5b000000,0x0000004c5b100000) (1024K)]
  0x000001cd2a59d5a0 WorkerThread "GC Thread#12"                    [id=28272, stack(0x0000004c59400000,0x0000004c59500000) (1024K)]
  0x000001ccb5dbbbb0 ConcurrentGCThread "G1 Main Marker"            [id=10596, stack(0x0000004c58400000,0x0000004c58500000) (1024K)]
  0x000001ccb5dbc6c0 WorkerThread "G1 Conc#0"                       [id=21816, stack(0x0000004c58500000,0x0000004c58600000) (1024K)]
  0x000001ccdb426db0 ConcurrentGCThread "G1 Refine#0"               [id=27516, stack(0x0000004c58600000,0x0000004c58700000) (1024K)]
  0x000001ccdb4275e0 ConcurrentGCThread "G1 Service"                [id=14164, stack(0x0000004c58700000,0x0000004c58800000) (1024K)]
Total: 19

Threads with active compile tasks:
Total: 0

VM state: not at safepoint (normal execution)

VM Mutex/Monitor currently owned by a thread: None

Heap address: 0x0000000601400000, size: 8172 MB, Compressed Oops mode: Zero based, Oop shift amount: 3

CDS archive(s) mapped at: [0x000001ccdc000000-0x000001ccdcce0000-0x000001ccdcce0000), size 13500416, SharedBaseAddress: 0x000001ccdc000000, ArchiveRelocationMode: 1.
Compressed class space mapped at: 0x000001ccdd000000-0x000001cd1d000000, reserved size: 1073741824
Narrow klass base: 0x000001ccdc000000, Narrow klass shift: 0, Narrow klass range: 0x100000000

GC Precious Log:
 CardTable entry size: 512
 Card Set container configuration: InlinePtr #cards 4 size 8 Array Of Cards #cards 32 size 80 Howl #buckets 8 coarsen threshold 7372 Howl Bitmap #cards 1024 size 144 coarsen threshold 921 Card regions per heap region 1 cards per card region 8192
 CPUs: 16 total, 16 available
 Memory: 32672M
 Large Page Support: Disabled
 NUMA Support: Disabled
 Compressed Oops: Enabled (Zero based)
 Heap Region Size: 4M
 Heap Min Capacity: 8M
 Heap Initial Capacity: 512M
 Heap Max Capacity: 8172M
 Pre-touch: Disabled
 Parallel Workers: 13
 Concurrent Workers: 3
 Concurrent Refinement Workers: 13
 Periodic GC: Disabled

Heap:
 garbage-first heap   total 524288K, used 115776K [0x0000000601400000, 0x0000000800000000)
  region size 4096K, 3 young (12288K), 2 survivors (8192K)
 Metaspace       used 16365K, committed 16640K, reserved 1114112K
  class space    used 2191K, committed 2304K, reserved 1048576K

Heap Regions: E=young(eden), S=young(survivor), O=old, HS=humongous(starts), HC=humongous(continues), CS=collection set, F=free, TAMS=top-at-mark-start, PB=parsable bottom
|   0|0x0000000601400000, 0x0000000601800000, 0x0000000601800000|100%| O|  |TAMS 0x0000000601400000| PB 0x0000000601400000| Untracked 
|   1|0x0000000601800000, 0x0000000601c00000, 0x0000000601c00000|100%|HS|  |TAMS 0x0000000601800000| PB 0x0000000601800000| Complete 
|   2|0x0000000601c00000, 0x0000000602000000, 0x0000000602000000|100%|HC|  |TAMS 0x0000000601c00000| PB 0x0000000601c00000| Complete 
|   3|0x0000000602000000, 0x0000000602400000, 0x0000000602400000|100%| O|  |TAMS 0x0000000602000000| PB 0x0000000602000000| Untracked 
|   4|0x0000000602400000, 0x0000000602800000, 0x0000000602800000|100%| O|  |TAMS 0x0000000602400000| PB 0x0000000602400000| Untracked 
|   5|0x0000000602800000, 0x0000000602c00000, 0x0000000602c00000|100%|HS|  |TAMS 0x0000000602800000| PB 0x0000000602800000| Complete 
|   6|0x0000000602c00000, 0x0000000603000000, 0x0000000603000000|100%|HC|  |TAMS 0x0000000602c00000| PB 0x0000000602c00000| Complete 
|   7|0x0000000603000000, 0x0000000603400000, 0x0000000603400000|100%|HS|  |TAMS 0x0000000603000000| PB 0x0000000603000000| Complete 
|   8|0x0000000603400000, 0x0000000603800000, 0x0000000603800000|100%|HC|  |TAMS 0x0000000603400000| PB 0x0000000603400000| Complete 
|   9|0x0000000603800000, 0x0000000603c00000, 0x0000000603c00000|100%|HS|  |TAMS 0x0000000603800000| PB 0x0000000603800000| Complete 
|  10|0x0000000603c00000, 0x0000000604000000, 0x0000000604000000|100%|HC|  |TAMS 0x0000000603c00000| PB 0x0000000603c00000| Complete 
|  11|0x0000000604000000, 0x0000000604400000, 0x0000000604400000|100%|HS|  |TAMS 0x0000000604000000| PB 0x0000000604000000| Complete 
|  12|0x0000000604400000, 0x0000000604800000, 0x0000000604800000|100%|HC|  |TAMS 0x0000000604400000| PB 0x0000000604400000| Complete 
|  13|0x0000000604800000, 0x0000000604c00000, 0x0000000604c00000|100%|HS|  |TAMS 0x0000000604800000| PB 0x0000000604800000| Complete 
|  14|0x0000000604c00000, 0x0000000605000000, 0x0000000605000000|100%|HC|  |TAMS 0x0000000604c00000| PB 0x0000000604c00000| Complete 
|  15|0x0000000605000000, 0x0000000605400000, 0x0000000605400000|100%|HS|  |TAMS 0x0000000605000000| PB 0x0000000605000000| Complete 
|  16|0x0000000605400000, 0x0000000605800000, 0x0000000605800000|100%|HC|  |TAMS 0x0000000605400000| PB 0x0000000605400000| Complete 
|  17|0x0000000605800000, 0x0000000605c00000, 0x0000000605c00000|100%|HS|  |TAMS 0x0000000605800000| PB 0x0000000605800000| Complete 
|  18|0x0000000605c00000, 0x0000000606000000, 0x0000000606000000|100%|HC|  |TAMS 0x0000000605c00000| PB 0x0000000605c00000| Complete 
|  19|0x0000000606000000, 0x0000000606400000, 0x0000000606400000|100%|HS|  |TAMS 0x0000000606000000| PB 0x0000000606000000| Complete 
|  20|0x0000000606400000, 0x0000000606800000, 0x0000000606800000|100%|HC|  |TAMS 0x0000000606400000| PB 0x0000000606400000| Complete 
|  21|0x0000000606800000, 0x0000000606c00000, 0x0000000606c00000|100%| O|  |TAMS 0x0000000606800000| PB 0x0000000606800000| Untracked 
|  22|0x0000000606c00000, 0x0000000607000000, 0x0000000607000000|100%| O|  |TAMS 0x0000000606c00000| PB 0x0000000606c00000| Untracked 
|  23|0x0000000607000000, 0x0000000607400000, 0x0000000607400000|100%| O|  |TAMS 0x0000000607000000| PB 0x0000000607000000| Untracked 
|  24|0x0000000607400000, 0x0000000607800000, 0x0000000607800000|100%| O|  |TAMS 0x0000000607400000| PB 0x0000000607400000| Untracked 
|  25|0x0000000607800000, 0x0000000607c00000, 0x0000000607c00000|100%| O|  |TAMS 0x0000000607800000| PB 0x0000000607800000| Untracked 
|  26|0x0000000607c00000, 0x0000000607d10090, 0x0000000608000000| 26%| O|  |TAMS 0x0000000607c00000| PB 0x0000000607c00000| Untracked 
|  27|0x0000000608000000, 0x0000000608000000, 0x0000000608400000|  0%| F|  |TAMS 0x0000000608000000| PB 0x0000000608000000| Untracked 
|  28|0x0000000608400000, 0x0000000608400000, 0x0000000608800000|  0%| F|  |TAMS 0x0000000608400000| PB 0x0000000608400000| Untracked 
|  29|0x0000000608800000, 0x0000000608800000, 0x0000000608c00000|  0%| F|  |TAMS 0x0000000608800000| PB 0x0000000608800000| Untracked 
|  30|0x0000000608c00000, 0x0000000608c00000, 0x0000000609000000|  0%| F|  |TAMS 0x0000000608c00000| PB 0x0000000608c00000| Untracked 
|  31|0x0000000609000000, 0x0000000609000000, 0x0000000609400000|  0%| F|  |TAMS 0x0000000609000000| PB 0x0000000609000000| Untracked 
|  32|0x0000000609400000, 0x0000000609400000, 0x0000000609800000|  0%| F|  |TAMS 0x0000000609400000| PB 0x0000000609400000| Untracked 
|  33|0x0000000609800000, 0x0000000609800000, 0x0000000609c00000|  0%| F|  |TAMS 0x0000000609800000| PB 0x0000000609800000| Untracked 
|  34|0x0000000609c00000, 0x0000000609c00000, 0x000000060a000000|  0%| F|  |TAMS 0x0000000609c00000| PB 0x0000000609c00000| Untracked 
|  35|0x000000060a000000, 0x000000060a000000, 0x000000060a400000|  0%| F|  |TAMS 0x000000060a000000| PB 0x000000060a000000| Untracked 
|  36|0x000000060a400000, 0x000000060a400000, 0x000000060a800000|  0%| F|  |TAMS 0x000000060a400000| PB 0x000000060a400000| Untracked 
|  37|0x000000060a800000, 0x000000060a800000, 0x000000060ac00000|  0%| F|  |TAMS 0x000000060a800000| PB 0x000000060a800000| Untracked 
|  38|0x000000060ac00000, 0x000000060ac00000, 0x000000060b000000|  0%| F|  |TAMS 0x000000060ac00000| PB 0x000000060ac00000| Untracked 
|  39|0x000000060b000000, 0x000000060b000000, 0x000000060b400000|  0%| F|  |TAMS 0x000000060b000000| PB 0x000000060b000000| Untracked 
|  40|0x000000060b400000, 0x000000060b400000, 0x000000060b800000|  0%| F|  |TAMS 0x000000060b400000| PB 0x000000060b400000| Untracked 
|  41|0x000000060b800000, 0x000000060b800000, 0x000000060bc00000|  0%| F|  |TAMS 0x000000060b800000| PB 0x000000060b800000| Untracked 
|  42|0x000000060bc00000, 0x000000060bc00000, 0x000000060c000000|  0%| F|  |TAMS 0x000000060bc00000| PB 0x000000060bc00000| Untracked 
|  43|0x000000060c000000, 0x000000060c000000, 0x000000060c400000|  0%| F|  |TAMS 0x000000060c000000| PB 0x000000060c000000| Untracked 
|  44|0x000000060c400000, 0x000000060c400000, 0x000000060c800000|  0%| F|  |TAMS 0x000000060c400000| PB 0x000000060c400000| Untracked 
|  45|0x000000060c800000, 0x000000060c800000, 0x000000060cc00000|  0%| F|  |TAMS 0x000000060c800000| PB 0x000000060c800000| Untracked 
|  46|0x000000060cc00000, 0x000000060cc00000, 0x000000060d000000|  0%| F|  |TAMS 0x000000060cc00000| PB 0x000000060cc00000| Untracked 
|  47|0x000000060d000000, 0x000000060d000000, 0x000000060d400000|  0%| F|  |TAMS 0x000000060d000000| PB 0x000000060d000000| Untracked 
|  48|0x000000060d400000, 0x000000060d400000, 0x000000060d800000|  0%| F|  |TAMS 0x000000060d400000| PB 0x000000060d400000| Untracked 
|  49|0x000000060d800000, 0x000000060d800000, 0x000000060dc00000|  0%| F|  |TAMS 0x000000060d800000| PB 0x000000060d800000| Untracked 
|  50|0x000000060dc00000, 0x000000060dc00000, 0x000000060e000000|  0%| F|  |TAMS 0x000000060dc00000| PB 0x000000060dc00000| Untracked 
|  51|0x000000060e000000, 0x000000060e000000, 0x000000060e400000|  0%| F|  |TAMS 0x000000060e000000| PB 0x000000060e000000| Untracked 
|  52|0x000000060e400000, 0x000000060e400000, 0x000000060e800000|  0%| F|  |TAMS 0x000000060e400000| PB 0x000000060e400000| Untracked 
|  53|0x000000060e800000, 0x000000060e800000, 0x000000060ec00000|  0%| F|  |TAMS 0x000000060e800000| PB 0x000000060e800000| Untracked 
|  54|0x000000060ec00000, 0x000000060ec00000, 0x000000060f000000|  0%| F|  |TAMS 0x000000060ec00000| PB 0x000000060ec00000| Untracked 
|  55|0x000000060f000000, 0x000000060f000000, 0x000000060f400000|  0%| F|  |TAMS 0x000000060f000000| PB 0x000000060f000000| Untracked 
|  56|0x000000060f400000, 0x000000060f400000, 0x000000060f800000|  0%| F|  |TAMS 0x000000060f400000| PB 0x000000060f400000| Untracked 
|  57|0x000000060f800000, 0x000000060f800000, 0x000000060fc00000|  0%| F|  |TAMS 0x000000060f800000| PB 0x000000060f800000| Untracked 
|  58|0x000000060fc00000, 0x000000060fc00000, 0x0000000610000000|  0%| F|  |TAMS 0x000000060fc00000| PB 0x000000060fc00000| Untracked 
|  59|0x0000000610000000, 0x0000000610000000, 0x0000000610400000|  0%| F|  |TAMS 0x0000000610000000| PB 0x0000000610000000| Untracked 
|  60|0x0000000610400000, 0x0000000610400000, 0x0000000610800000|  0%| F|  |TAMS 0x0000000610400000| PB 0x0000000610400000| Untracked 
|  61|0x0000000610800000, 0x0000000610800000, 0x0000000610c00000|  0%| F|  |TAMS 0x0000000610800000| PB 0x0000000610800000| Untracked 
|  62|0x0000000610c00000, 0x0000000610c00000, 0x0000000611000000|  0%| F|  |TAMS 0x0000000610c00000| PB 0x0000000610c00000| Untracked 
|  63|0x0000000611000000, 0x0000000611000000, 0x0000000611400000|  0%| F|  |TAMS 0x0000000611000000| PB 0x0000000611000000| Untracked 
|  64|0x0000000611400000, 0x0000000611400000, 0x0000000611800000|  0%| F|  |TAMS 0x0000000611400000| PB 0x0000000611400000| Untracked 
|  65|0x0000000611800000, 0x0000000611800000, 0x0000000611c00000|  0%| F|  |TAMS 0x0000000611800000| PB 0x0000000611800000| Untracked 
|  66|0x0000000611c00000, 0x0000000611c00000, 0x0000000612000000|  0%| F|  |TAMS 0x0000000611c00000| PB 0x0000000611c00000| Untracked 
|  67|0x0000000612000000, 0x0000000612000000, 0x0000000612400000|  0%| F|  |TAMS 0x0000000612000000| PB 0x0000000612000000| Untracked 
|  68|0x0000000612400000, 0x0000000612400000, 0x0000000612800000|  0%| F|  |TAMS 0x0000000612400000| PB 0x0000000612400000| Untracked 
|  69|0x0000000612800000, 0x0000000612800000, 0x0000000612c00000|  0%| F|  |TAMS 0x0000000612800000| PB 0x0000000612800000| Untracked 
|  70|0x0000000612c00000, 0x0000000612c00000, 0x0000000613000000|  0%| F|  |TAMS 0x0000000612c00000| PB 0x0000000612c00000| Untracked 
|  71|0x0000000613000000, 0x0000000613000000, 0x0000000613400000|  0%| F|  |TAMS 0x0000000613000000| PB 0x0000000613000000| Untracked 
|  72|0x0000000613400000, 0x0000000613400000, 0x0000000613800000|  0%| F|  |TAMS 0x0000000613400000| PB 0x0000000613400000| Untracked 
|  73|0x0000000613800000, 0x0000000613800000, 0x0000000613c00000|  0%| F|  |TAMS 0x0000000613800000| PB 0x0000000613800000| Untracked 
|  74|0x0000000613c00000, 0x0000000613c00000, 0x0000000614000000|  0%| F|  |TAMS 0x0000000613c00000| PB 0x0000000613c00000| Untracked 
|  75|0x0000000614000000, 0x0000000614000000, 0x0000000614400000|  0%| F|  |TAMS 0x0000000614000000| PB 0x0000000614000000| Untracked 
|  76|0x0000000614400000, 0x0000000614400000, 0x0000000614800000|  0%| F|  |TAMS 0x0000000614400000| PB 0x0000000614400000| Untracked 
|  77|0x0000000614800000, 0x0000000614800000, 0x0000000614c00000|  0%| F|  |TAMS 0x0000000614800000| PB 0x0000000614800000| Untracked 
|  78|0x0000000614c00000, 0x0000000614c00000, 0x0000000615000000|  0%| F|  |TAMS 0x0000000614c00000| PB 0x0000000614c00000| Untracked 
|  79|0x0000000615000000, 0x0000000615000000, 0x0000000615400000|  0%| F|  |TAMS 0x0000000615000000| PB 0x0000000615000000| Untracked 
|  80|0x0000000615400000, 0x0000000615400000, 0x0000000615800000|  0%| F|  |TAMS 0x0000000615400000| PB 0x0000000615400000| Untracked 
|  81|0x0000000615800000, 0x0000000615800000, 0x0000000615c00000|  0%| F|  |TAMS 0x0000000615800000| PB 0x0000000615800000| Untracked 
|  82|0x0000000615c00000, 0x0000000615c00000, 0x0000000616000000|  0%| F|  |TAMS 0x0000000615c00000| PB 0x0000000615c00000| Untracked 
|  83|0x0000000616000000, 0x0000000616000000, 0x0000000616400000|  0%| F|  |TAMS 0x0000000616000000| PB 0x0000000616000000| Untracked 
|  84|0x0000000616400000, 0x0000000616400000, 0x0000000616800000|  0%| F|  |TAMS 0x0000000616400000| PB 0x0000000616400000| Untracked 
|  85|0x0000000616800000, 0x0000000616800000, 0x0000000616c00000|  0%| F|  |TAMS 0x0000000616800000| PB 0x0000000616800000| Untracked 
|  86|0x0000000616c00000, 0x0000000616c00000, 0x0000000617000000|  0%| F|  |TAMS 0x0000000616c00000| PB 0x0000000616c00000| Untracked 
|  87|0x0000000617000000, 0x0000000617000000, 0x0000000617400000|  0%| F|  |TAMS 0x0000000617000000| PB 0x0000000617000000| Untracked 
|  88|0x0000000617400000, 0x0000000617400000, 0x0000000617800000|  0%| F|  |TAMS 0x0000000617400000| PB 0x0000000617400000| Untracked 
|  89|0x0000000617800000, 0x0000000617800000, 0x0000000617c00000|  0%| F|  |TAMS 0x0000000617800000| PB 0x0000000617800000| Untracked 
|  90|0x0000000617c00000, 0x0000000617c00000, 0x0000000618000000|  0%| F|  |TAMS 0x0000000617c00000| PB 0x0000000617c00000| Untracked 
|  91|0x0000000618000000, 0x0000000618000000, 0x0000000618400000|  0%| F|  |TAMS 0x0000000618000000| PB 0x0000000618000000| Untracked 
|  92|0x0000000618400000, 0x0000000618400000, 0x0000000618800000|  0%| F|  |TAMS 0x0000000618400000| PB 0x0000000618400000| Untracked 
|  93|0x0000000618800000, 0x0000000618800000, 0x0000000618c00000|  0%| F|  |TAMS 0x0000000618800000| PB 0x0000000618800000| Untracked 
|  94|0x0000000618c00000, 0x0000000618c00000, 0x0000000619000000|  0%| F|  |TAMS 0x0000000618c00000| PB 0x0000000618c00000| Untracked 
|  95|0x0000000619000000, 0x0000000619000000, 0x0000000619400000|  0%| F|  |TAMS 0x0000000619000000| PB 0x0000000619000000| Untracked 
|  96|0x0000000619400000, 0x0000000619400000, 0x0000000619800000|  0%| F|  |TAMS 0x0000000619400000| PB 0x0000000619400000| Untracked 
|  97|0x0000000619800000, 0x0000000619800000, 0x0000000619c00000|  0%| F|  |TAMS 0x0000000619800000| PB 0x0000000619800000| Untracked 
|  98|0x0000000619c00000, 0x0000000619c00000, 0x000000061a000000|  0%| F|  |TAMS 0x0000000619c00000| PB 0x0000000619c00000| Untracked 
|  99|0x000000061a000000, 0x000000061a000000, 0x000000061a400000|  0%| F|  |TAMS 0x000000061a000000| PB 0x000000061a000000| Untracked 
| 100|0x000000061a400000, 0x000000061a400000, 0x000000061a800000|  0%| F|  |TAMS 0x000000061a400000| PB 0x000000061a400000| Untracked 
| 101|0x000000061a800000, 0x000000061a800000, 0x000000061ac00000|  0%| F|  |TAMS 0x000000061a800000| PB 0x000000061a800000| Untracked 
| 102|0x000000061ac00000, 0x000000061ac00000, 0x000000061b000000|  0%| F|  |TAMS 0x000000061ac00000| PB 0x000000061ac00000| Untracked 
| 103|0x000000061b000000, 0x000000061b000000, 0x000000061b400000|  0%| F|  |TAMS 0x000000061b000000| PB 0x000000061b000000| Untracked 
| 104|0x000000061b400000, 0x000000061b400000, 0x000000061b800000|  0%| F|  |TAMS 0x000000061b400000| PB 0x000000061b400000| Untracked 
| 105|0x000000061b800000, 0x000000061b800000, 0x000000061bc00000|  0%| F|  |TAMS 0x000000061b800000| PB 0x000000061b800000| Untracked 
| 106|0x000000061bc00000, 0x000000061bc00000, 0x000000061c000000|  0%| F|  |TAMS 0x000000061bc00000| PB 0x000000061bc00000| Untracked 
| 107|0x000000061c000000, 0x000000061c000000, 0x000000061c400000|  0%| F|  |TAMS 0x000000061c000000| PB 0x000000061c000000| Untracked 
| 108|0x000000061c400000, 0x000000061c400000, 0x000000061c800000|  0%| F|  |TAMS 0x000000061c400000| PB 0x000000061c400000| Untracked 
| 109|0x000000061c800000, 0x000000061c800000, 0x000000061cc00000|  0%| F|  |TAMS 0x000000061c800000| PB 0x000000061c800000| Untracked 
| 110|0x000000061cc00000, 0x000000061cc00000, 0x000000061d000000|  0%| F|  |TAMS 0x000000061cc00000| PB 0x000000061cc00000| Untracked 
| 111|0x000000061d000000, 0x000000061d000000, 0x000000061d400000|  0%| F|  |TAMS 0x000000061d000000| PB 0x000000061d000000| Untracked 
| 112|0x000000061d400000, 0x000000061d400000, 0x000000061d800000|  0%| F|  |TAMS 0x000000061d400000| PB 0x000000061d400000| Untracked 
| 113|0x000000061d800000, 0x000000061dc00000, 0x000000061dc00000|100%| S|CS|TAMS 0x000000061d800000| PB 0x000000061d800000| Complete 
| 114|0x000000061dc00000, 0x000000061e000000, 0x000000061e000000|100%| S|CS|TAMS 0x000000061dc00000| PB 0x000000061dc00000| Complete 
| 115|0x000000061e000000, 0x000000061e000000, 0x000000061e400000|  0%| F|  |TAMS 0x000000061e000000| PB 0x000000061e000000| Untracked 
| 116|0x000000061e400000, 0x000000061e400000, 0x000000061e800000|  0%| F|  |TAMS 0x000000061e400000| PB 0x000000061e400000| Untracked 
| 117|0x000000061e800000, 0x000000061e800000, 0x000000061ec00000|  0%| F|  |TAMS 0x000000061e800000| PB 0x000000061e800000| Untracked 
| 118|0x000000061ec00000, 0x000000061ec00000, 0x000000061f000000|  0%| F|  |TAMS 0x000000061ec00000| PB 0x000000061ec00000| Untracked 
| 119|0x000000061f000000, 0x000000061f000000, 0x000000061f400000|  0%| F|  |TAMS 0x000000061f000000| PB 0x000000061f000000| Untracked 
| 120|0x000000061f400000, 0x000000061f400000, 0x000000061f800000|  0%| F|  |TAMS 0x000000061f400000| PB 0x000000061f400000| Untracked 
| 121|0x000000061f800000, 0x000000061f800000, 0x000000061fc00000|  0%| F|  |TAMS 0x000000061f800000| PB 0x000000061f800000| Untracked 
| 122|0x000000061fc00000, 0x000000061fc00000, 0x0000000620000000|  0%| F|  |TAMS 0x000000061fc00000| PB 0x000000061fc00000| Untracked 
| 123|0x0000000620000000, 0x0000000620000000, 0x0000000620400000|  0%| F|  |TAMS 0x0000000620000000| PB 0x0000000620000000| Untracked 
| 124|0x0000000620400000, 0x0000000620400000, 0x0000000620800000|  0%| F|  |TAMS 0x0000000620400000| PB 0x0000000620400000| Untracked 
| 125|0x0000000620800000, 0x0000000620800000, 0x0000000620c00000|  0%| F|  |TAMS 0x0000000620800000| PB 0x0000000620800000| Untracked 
| 126|0x0000000620c00000, 0x0000000620c00000, 0x0000000621000000|  0%| F|  |TAMS 0x0000000620c00000| PB 0x0000000620c00000| Untracked 
| 127|0x0000000621000000, 0x0000000621400000, 0x0000000621400000|100%| E|  |TAMS 0x0000000621000000| PB 0x0000000621000000| Complete 

Card table byte_map: [0x000001cccfe80000,0x000001ccd0e80000] _byte_map_base: 0x000001cccce76000

Marking Bits: (CMBitMap*) 0x000001ccb5dab1d0
 Bits: [0x000001ccd0e80000, 0x000001ccd8e30000)

Polling page: 0x000001ccb3b60000

Metaspace:

Usage:
  Non-class:     13.84 MB used.
      Class:      2.14 MB used.
       Both:     15.98 MB used.

Virtual space:
  Non-class space:       64.00 MB reserved,      14.00 MB ( 22%) committed,  1 nodes.
      Class space:        1.00 GB reserved,       2.25 MB ( <1%) committed,  1 nodes.
             Both:        1.06 GB reserved,      16.25 MB (  1%) committed. 

Chunk freelists:
   Non-Class:  1.34 MB
       Class:  13.77 MB
        Both:  15.11 MB

MaxMetaspaceSize: unlimited
CompressedClassSpaceSize: 1.00 GB
Initial GC threshold: 21.00 MB
Current GC threshold: 21.00 MB
CDS: on
 - commit_granule_bytes: 65536.
 - commit_granule_words: 8192.
 - virtual_space_node_default_size: 8388608.
 - enlarge_chunks_in_place: 1.
 - use_allocation_guard: 0.


Internal statistics:

num_allocs_failed_limit: 0.
num_arena_births: 270.
num_arena_deaths: 0.
num_vsnodes_births: 2.
num_vsnodes_deaths: 0.
num_space_committed: 260.
num_space_uncommitted: 0.
num_chunks_returned_to_freelist: 0.
num_chunks_taken_from_freelist: 853.
num_chunk_merges: 0.
num_chunk_splits: 583.
num_chunks_enlarged: 438.
num_inconsistent_stats: 0.

CodeHeap 'non-profiled nmethods': size=119168Kb used=2555Kb max_used=2555Kb free=116612Kb
 bounds [0x000001ccc71a0000, 0x000001ccc7420000, 0x000001ccce600000]
CodeHeap 'profiled nmethods': size=119104Kb used=10072Kb max_used=10072Kb free=109031Kb
 bounds [0x000001ccbf600000, 0x000001ccbffe0000, 0x000001ccc6a50000]
CodeHeap 'non-nmethods': size=7488Kb used=2919Kb max_used=3591Kb free=4569Kb
 bounds [0x000001ccc6a50000, 0x000001ccc6df0000, 0x000001ccc71a0000]
 total_blobs=5532 nmethods=4724 adapters=709
 compilation: enabled
              stopped_count=0, restarted_count=0
 full_count=0

Compilation events (20 events):
Event: 5.758 Thread 0x000001cd21022bc0 nmethod 4714 0x000001ccc741c590 code [0x000001ccc741c740, 0x000001ccc741c958]
Event: 5.758 Thread 0x000001cd21022bc0 4716   !   4       com.sun.javafx.css.StyleManager::getCacheContainer (152 bytes)
Event: 5.758 Thread 0x000001ccdb56aa50 nmethod 4717 0x000001ccbffcf090 code [0x000001ccbffcf2c0, 0x000001ccbffcf8a0]
Event: 5.759 Thread 0x000001cd21a5c710 4719       1       com.sun.javafx.tk.quantum.QuantumToolkit::getContextMap (5 bytes)
Event: 5.759 Thread 0x000001cd21a5c710 nmethod 4719 0x000001ccc741cb10 code [0x000001ccc741cca0, 0x000001ccc741cd70]
Event: 5.759 Thread 0x000001cd21a5c710 4720       3       com.sun.javafx.css.StyleManager$Cache::getStyleMap (400 bytes)
Event: 5.759 Thread 0x000001cd21025280 4721       3       javafx.scene.shape.Rectangle$4::<init> (10 bytes)
Event: 5.760 Thread 0x000001cd21025280 nmethod 4721 0x000001ccbffcfb90 code [0x000001ccbffcfd60, 0x000001ccbffd01a8]
Event: 5.760 Thread 0x000001ccdb56aa50 4722       3       javafx.scene.shape.Rectangle$5::<init> (10 bytes)
Event: 5.760 Thread 0x000001cd21025280 4723       3       javafx.util.Duration::lessThan (18 bytes)
Event: 5.760 Thread 0x000001cd21025280 nmethod 4723 0x000001ccbffd0310 code [0x000001ccbffd04c0, 0x000001ccbffd0650]
Event: 5.760 Thread 0x000001ccdb56aa50 nmethod 4722 0x000001ccbffd0710 code [0x000001ccbffd08e0, 0x000001ccbffd0d28]
Event: 5.760 Thread 0x000001ccdb56aa50 4724       3       com.sun.javafx.tk.quantum.QuantumToolkit::requestNextPulse (9 bytes)
Event: 5.760 Thread 0x000001cd21025280 4725       3       javafx.animation.Animation::isAutoReverse (19 bytes)
Event: 5.760 Thread 0x000001ccdb56aa50 nmethod 4724 0x000001ccbffd0e90 code [0x000001ccbffd1080, 0x000001ccbffd1710]
Event: 5.760 Thread 0x000001cd21025280 nmethod 4725 0x000001ccbffd1990 code [0x000001ccbffd1b60, 0x000001ccbffd1ec8]
Event: 5.761 Thread 0x000001cd21a5c710 nmethod 4720 0x000001ccbffd2010 code [0x000001ccbffd2500, 0x000001ccbffd5220]
Event: 5.767 Thread 0x000001cd21022bc0 nmethod 4716 0x000001ccc741ce10 code [0x000001ccc741d100, 0x000001ccc741e0b0]
Event: 5.767 Thread 0x000001cd21022bc0 4718       4       com.sun.javafx.css.StyleManager::getInstance (4 bytes)
Event: 5.767 Thread 0x000001cd21022bc0 nmethod 4718 0x000001ccc741ea90 code [0x000001ccc741ec20, 0x000001ccc741ec90]

GC Heap History (6 events):
Event: 0.551 GC heap before
{Heap before GC invocations=0 (full 0):
 garbage-first heap   total 524288K, used 20480K [0x0000000601400000, 0x0000000800000000)
  region size 4096K, 6 young (24576K), 0 survivors (0K)
 Metaspace       used 7156K, committed 7360K, reserved 1114112K
  class space    used 892K, committed 960K, reserved 1048576K
}
Event: 0.554 GC heap after
{Heap after GC invocations=1 (full 0):
 garbage-first heap   total 524288K, used 7765K [0x0000000601400000, 0x0000000800000000)
  region size 4096K, 1 young (4096K), 1 survivors (4096K)
 Metaspace       used 7156K, committed 7360K, reserved 1114112K
  class space    used 892K, committed 960K, reserved 1048576K
}
Event: 1.656 GC heap before
{Heap before GC invocations=1 (full 0):
 garbage-first heap   total 524288K, used 36437K [0x0000000601400000, 0x0000000800000000)
  region size 4096K, 6 young (24576K), 1 survivors (4096K)
 Metaspace       used 14876K, committed 15104K, reserved 1114112K
  class space    used 2147K, committed 2240K, reserved 1048576K
}
Event: 1.659 GC heap after
{Heap after GC invocations=2 (full 0):
 garbage-first heap   total 524288K, used 20825K [0x0000000601400000, 0x0000000800000000)
  region size 4096K, 1 young (4096K), 1 survivors (4096K)
 Metaspace       used 14876K, committed 15104K, reserved 1114112K
  class space    used 2147K, committed 2240K, reserved 1048576K
}
Event: 5.719 GC heap before
{Heap before GC invocations=2 (full 0):
 garbage-first heap   total 524288K, used 131417K [0x0000000601400000, 0x0000000800000000)
  region size 4096K, 13 young (53248K), 1 survivors (4096K)
 Metaspace       used 16348K, committed 16640K, reserved 1114112K
  class space    used 2190K, committed 2304K, reserved 1048576K
}
Event: 5.724 GC heap after
{Heap after GC invocations=3 (full 0):
 garbage-first heap   total 524288K, used 115776K [0x0000000601400000, 0x0000000800000000)
  region size 4096K, 2 young (8192K), 2 survivors (8192K)
 Metaspace       used 16348K, committed 16640K, reserved 1114112K
  class space    used 2190K, committed 2304K, reserved 1048576K
}

Dll operation events (20 events):
Event: 0.140 Loaded shared library C:\Users\skeel\Documents\cours\Gestion de projet\zulu21.40.17-ca-fx-jdk21.0.6-win_x64\bin\javafx\api-ms-win-crt-multibyte-l1-1-0.dll
Event: 0.141 Loaded shared library C:\Users\skeel\Documents\cours\Gestion de projet\zulu21.40.17-ca-fx-jdk21.0.6-win_x64\bin\javafx\api-ms-win-crt-private-l1-1-0.dll
Event: 0.142 Loaded shared library C:\Users\skeel\Documents\cours\Gestion de projet\zulu21.40.17-ca-fx-jdk21.0.6-win_x64\bin\javafx\api-ms-win-crt-process-l1-1-0.dll
Event: 0.143 Loaded shared library C:\Users\skeel\Documents\cours\Gestion de projet\zulu21.40.17-ca-fx-jdk21.0.6-win_x64\bin\javafx\api-ms-win-crt-runtime-l1-1-0.dll
Event: 0.144 Loaded shared library C:\Users\skeel\Documents\cours\Gestion de projet\zulu21.40.17-ca-fx-jdk21.0.6-win_x64\bin\javafx\api-ms-win-crt-stdio-l1-1-0.dll
Event: 0.145 Loaded shared library C:\Users\skeel\Documents\cours\Gestion de projet\zulu21.40.17-ca-fx-jdk21.0.6-win_x64\bin\javafx\api-ms-win-crt-string-l1-1-0.dll
Event: 0.146 Loaded shared library C:\Users\skeel\Documents\cours\Gestion de projet\zulu21.40.17-ca-fx-jdk21.0.6-win_x64\bin\javafx\api-ms-win-crt-time-l1-1-0.dll
Event: 0.147 Loaded shared library C:\Users\skeel\Documents\cours\Gestion de projet\zulu21.40.17-ca-fx-jdk21.0.6-win_x64\bin\javafx\api-ms-win-crt-utility-l1-1-0.dll
Event: 0.148 Loaded shared library C:\Users\skeel\Documents\cours\Gestion de projet\zulu21.40.17-ca-fx-jdk21.0.6-win_x64\bin\javafx\ucrtbase.dll
Event: 0.149 Loaded shared library C:\Users\skeel\Documents\cours\Gestion de projet\zulu21.40.17-ca-fx-jdk21.0.6-win_x64\bin\javafx\vcruntime140.dll
Event: 0.150 Loaded shared library C:\Users\skeel\Documents\cours\Gestion de projet\zulu21.40.17-ca-fx-jdk21.0.6-win_x64\bin\javafx\vcruntime140_1.dll
Event: 0.151 Loaded shared library C:\Users\skeel\Documents\cours\Gestion de projet\zulu21.40.17-ca-fx-jdk21.0.6-win_x64\bin\javafx\msvcp140.dll
Event: 0.152 Loaded shared library C:\Users\skeel\Documents\cours\Gestion de projet\zulu21.40.17-ca-fx-jdk21.0.6-win_x64\bin\javafx\msvcp140_1.dll
Event: 0.153 Loaded shared library C:\Users\skeel\Documents\cours\Gestion de projet\zulu21.40.17-ca-fx-jdk21.0.6-win_x64\bin\javafx\msvcp140_2.dll
Event: 0.170 Loaded shared library C:\Users\skeel\Documents\cours\Gestion de projet\zulu21.40.17-ca-fx-jdk21.0.6-win_x64\bin\javafx\prism_d3d.dll
Event: 0.248 Loaded shared library C:\Users\skeel\Documents\cours\Gestion de projet\zulu21.40.17-ca-fx-jdk21.0.6-win_x64\bin\javafx\glass.dll
Event: 0.362 Loaded shared library C:\Users\skeel\Documents\cours\Gestion de projet\zulu21.40.17-ca-fx-jdk21.0.6-win_x64\bin\javafx\glib-lite.dll
Event: 0.364 Loaded shared library C:\Users\skeel\Documents\cours\Gestion de projet\zulu21.40.17-ca-fx-jdk21.0.6-win_x64\bin\javafx\gstreamer-lite.dll
Event: 0.365 Loaded shared library C:\Users\skeel\Documents\cours\Gestion de projet\zulu21.40.17-ca-fx-jdk21.0.6-win_x64\bin\javafx\jfxmedia.dll
Event: 0.576 Loaded shared library C:\Users\skeel\Documents\cours\Gestion de projet\zulu21.40.17-ca-fx-jdk21.0.6-win_x64\bin\javafx\javafx_font.dll

Deoptimization events (20 events):
Event: 5.739 Thread 0x000001cd2116d1b0 Uncommon trap: trap_request=0xffffff45 fr.pc=0x000001ccc72d9068 relative=0x00000000000000c8
Event: 5.739 Thread 0x000001cd2116d1b0 Uncommon trap: reason=unstable_if action=reinterpret pc=0x000001ccc72d9068 method=java.lang.Math.round(D)J @ 48 c2
Event: 5.739 Thread 0x000001cd2116d1b0 DEOPT PACKING pc=0x000001ccc72d9068 sp=0x0000004c59bef760
Event: 5.739 Thread 0x000001cd2116d1b0 DEOPT UNPACKING pc=0x000001ccc6aa46a2 sp=0x0000004c59bef6b0 mode 2
Event: 5.740 Thread 0x000001cd2116d1b0 Uncommon trap: trap_request=0xffffffc6 fr.pc=0x000001ccc734ccac relative=0x0000000000003eac
Event: 5.740 Thread 0x000001cd2116d1b0 Uncommon trap: reason=bimorphic_or_optimized_type_check action=maybe_recompile pc=0x000001ccc734ccac method=javafx.scene.CssStyleHelper$CacheContainer.<init>(Ljavafx/scene/Node;Lcom/sun/javafx/css/StyleMap;I)V @ 134 c2
Event: 5.740 Thread 0x000001cd2116d1b0 DEOPT PACKING pc=0x000001ccc734ccac sp=0x0000004c59befb90
Event: 5.740 Thread 0x000001cd2116d1b0 DEOPT UNPACKING pc=0x000001ccc6aa46a2 sp=0x0000004c59befaa8 mode 2
Event: 5.740 Thread 0x000001cd2116d1b0 Uncommon trap: trap_request=0xffffffc6 fr.pc=0x000001ccc734ccac relative=0x0000000000003eac
Event: 5.740 Thread 0x000001cd2116d1b0 Uncommon trap: reason=bimorphic_or_optimized_type_check action=maybe_recompile pc=0x000001ccc734ccac method=javafx.scene.CssStyleHelper$CacheContainer.<init>(Ljavafx/scene/Node;Lcom/sun/javafx/css/StyleMap;I)V @ 134 c2
Event: 5.740 Thread 0x000001cd2116d1b0 DEOPT PACKING pc=0x000001ccc734ccac sp=0x0000004c59befb90
Event: 5.740 Thread 0x000001cd2116d1b0 DEOPT UNPACKING pc=0x000001ccc6aa46a2 sp=0x0000004c59befaa8 mode 2
Event: 5.740 Thread 0x000001cd2116d1b0 Uncommon trap: trap_request=0xffffffc6 fr.pc=0x000001ccc734ccac relative=0x0000000000003eac
Event: 5.740 Thread 0x000001cd2116d1b0 Uncommon trap: reason=bimorphic_or_optimized_type_check action=maybe_recompile pc=0x000001ccc734ccac method=javafx.scene.CssStyleHelper$CacheContainer.<init>(Ljavafx/scene/Node;Lcom/sun/javafx/css/StyleMap;I)V @ 134 c2
Event: 5.740 Thread 0x000001cd2116d1b0 DEOPT PACKING pc=0x000001ccc734ccac sp=0x0000004c59befb90
Event: 5.740 Thread 0x000001cd2116d1b0 DEOPT UNPACKING pc=0x000001ccc6aa46a2 sp=0x0000004c59befaa8 mode 2
Event: 5.743 Thread 0x000001cd2116ded0 Uncommon trap: trap_request=0xffffff45 fr.pc=0x000001ccc733bf44 relative=0x00000000000000a4
Event: 5.743 Thread 0x000001cd2116ded0 Uncommon trap: reason=unstable_if action=reinterpret pc=0x000001ccc733bf44 method=java.lang.ref.ReferenceQueue.poll()Ljava/lang/ref/Reference; @ 4 c2
Event: 5.743 Thread 0x000001cd2116ded0 DEOPT PACKING pc=0x000001ccc733bf44 sp=0x0000004c597fe750
Event: 5.743 Thread 0x000001cd2116ded0 DEOPT UNPACKING pc=0x000001ccc6aa46a2 sp=0x0000004c597fe638 mode 2

Classes loaded (20 events):
Event: 0.971 Loading class java/util/Timer$ThreadReaper
Event: 0.971 Loading class java/util/Timer$ThreadReaper done
Event: 1.480 Loading class java/io/UnsupportedEncodingException
Event: 1.480 Loading class java/io/UnsupportedEncodingException done
Event: 1.631 Loading class java/util/Formatter$FixedString
Event: 1.631 Loading class java/util/Formatter$FixedString done
Event: 1.677 Loading class jdk/internal/event/ThreadSleepEvent
Event: 1.677 Loading class jdk/internal/event/Event
Event: 1.677 Loading class jdk/internal/event/Event done
Event: 1.677 Loading class jdk/internal/event/ThreadSleepEvent done
Event: 3.178 Loading class java/util/stream/MatchOps$MatchKind
Event: 3.178 Loading class java/util/stream/MatchOps$MatchKind done
Event: 3.178 Loading class java/util/stream/MatchOps
Event: 3.178 Loading class java/util/stream/MatchOps done
Event: 3.178 Loading class java/util/stream/MatchOps$MatchOp
Event: 3.178 Loading class java/util/stream/MatchOps$MatchOp done
Event: 3.178 Loading class java/util/stream/MatchOps$BooleanTerminalSink
Event: 3.178 Loading class java/util/stream/MatchOps$BooleanTerminalSink done
Event: 3.178 Loading class java/util/stream/MatchOps$1MatchSink
Event: 3.179 Loading class java/util/stream/MatchOps$1MatchSink done

Classes unloaded (0 events):
No events

Classes redefined (0 events):
No events

Internal exceptions (20 events):
Event: 0.783 Thread 0x000001cd2116d1b0 Exception <a 'java/lang/NoSuchMethodError'{0x0000000620882ec0}: 'int java.lang.invoke.DirectMethodHandle$Holder.invokeSpecial(java.lang.Object, java.lang.Object, java.lang.Object)'> (0x0000000620882ec0) 
thrown [s\src\hotspot\share\interpreter\linkResolver.cpp, line 773]
Event: 0.786 Thread 0x000001cd2116d1b0 Exception <a 'java/io/FileNotFoundException'{0x00000006208b8720}> (0x00000006208b8720) 
thrown [s\src\hotspot\share\prims\jni.cpp, line 520]
Event: 0.786 Thread 0x000001cd2116d1b0 Exception <a 'java/io/FileNotFoundException'{0x00000006208ba060}> (0x00000006208ba060) 
thrown [s\src\hotspot\share\prims\jni.cpp, line 520]
Event: 0.787 Thread 0x000001cd2116d1b0 Exception <a 'java/io/FileNotFoundException'{0x00000006208da8b0}> (0x00000006208da8b0) 
thrown [s\src\hotspot\share\prims\jni.cpp, line 520]
Event: 0.787 Thread 0x000001cd2116d1b0 Exception <a 'java/io/FileNotFoundException'{0x00000006208dbc50}> (0x00000006208dbc50) 
thrown [s\src\hotspot\share\prims\jni.cpp, line 520]
Event: 0.814 Thread 0x000001cd2116d1b0 Exception <a 'java/lang/NoSuchMethodError'{0x00000006209fc460}: 'long java.lang.invoke.DirectMethodHandle$Holder.invokeStatic(java.lang.Object, java.lang.Object, java.lang.Object)'> (0x00000006209fc460) 
thrown [s\src\hotspot\share\interpreter\linkResolver.cpp, line 773]
Event: 0.815 Thread 0x000001cd2116d1b0 Exception <a 'java/lang/NoSuchMethodError'{0x00000006209ffdd0}: 'long java.lang.invoke.DirectMethodHandle$Holder.invokeStaticInit(java.lang.Object, java.lang.Object, java.lang.Object)'> (0x00000006209ffdd0) 
thrown [s\src\hotspot\share\interpreter\linkResolver.cpp, line 773]
Event: 0.816 Thread 0x000001cd2116d1b0 Exception <a 'java/lang/NoSuchMethodError'{0x0000000620a15160}: 'java.lang.Object java.lang.invoke.DirectMethodHandle$Holder.newInvokeSpecial(java.lang.Object, java.lang.Object, long)'> (0x0000000620a15160) 
thrown [s\src\hotspot\share\interpreter\linkResolver.cpp, line 773]
Event: 0.817 Thread 0x000001cd2116d1b0 Exception <a 'java/lang/NoSuchMethodError'{0x0000000620a18d68}: 'java.lang.Object java.lang.invoke.Invokers$Holder.linkToTargetMethod(java.lang.Object, long, java.lang.Object)'> (0x0000000620a18d68) 
thrown [s\src\hotspot\share\interpreter\linkResolver.cpp, line 773]
Event: 0.825 Thread 0x000001cd2116ded0 Exception <a 'java/lang/NoSuchMethodError'{0x0000000620a39820}: 'int java.lang.invoke.DirectMethodHandle$Holder.invokeStaticInit(java.lang.Object, java.lang.Object)'> (0x0000000620a39820) 
thrown [s\src\hotspot\share\interpreter\linkResolver.cpp, line 773]
Event: 0.837 Thread 0x000001cd2116ded0 Exception <a 'java/lang/NoSuchMethodError'{0x0000000620a6ee08}: 'java.lang.Object java.lang.invoke.DirectMethodHandle$Holder.invokeStaticInit(java.lang.Object, int)'> (0x0000000620a6ee08) 
thrown [s\src\hotspot\share\interpreter\linkResolver.cpp, line 773]
Event: 0.940 Thread 0x000001cd2116d1b0 Exception <a 'java/lang/NoSuchMethodError'{0x0000000620b136c0}: 'void java.lang.invoke.DirectMethodHandle$Holder.invokeStatic(java.lang.Object, int)'> (0x0000000620b136c0) 
thrown [s\src\hotspot\share\interpreter\linkResolver.cpp, line 773]
Event: 1.553 Thread 0x000001cd2116d1b0 Exception <a 'java/lang/UnsatisfiedLinkError'{0x000000062046f2f8}: 'boolean com.sun.media.jfxmediaimpl.NativeAudioClip.nacInit()'> (0x000000062046f2f8) 
thrown [s\src\hotspot\share\prims\nativeLookup.cpp, line 418]
Event: 1.676 Thread 0x000001cd21a538c0 Exception <a 'java/lang/NoSuchMethodError'{0x0000000621245778}: 'void java.lang.invoke.DirectMethodHandle$Holder.invokeStatic(java.lang.Object, double)'> (0x0000000621245778) 
thrown [s\src\hotspot\share\interpreter\linkResolver.cpp, line 773]
Event: 1.677 Thread 0x000001cd21a538c0 Exception <a 'java/lang/NoSuchMethodError'{0x000000062124a9c0}: 'java.lang.Object java.lang.invoke.DirectMethodHandle$Holder.newInvokeSpecial(java.lang.Object, double)'> (0x000000062124a9c0) 
thrown [s\src\hotspot\share\interpreter\linkResolver.cpp, line 773]
Event: 1.678 Thread 0x000001cd2116d1b0 Exception <a 'java/lang/NoSuchMethodError'{0x00000006211acaa0}: 'void java.lang.invoke.DirectMethodHandle$Holder.invokeVirtual(java.lang.Object, java.lang.Object)'> (0x00000006211acaa0) 
thrown [s\src\hotspot\share\interpreter\linkResolver.cpp, line 773]
Event: 5.307 Thread 0x000001cd2116d1b0 Implicit null exception at 0x000001ccc735075e to 0x000001ccc73507e4
Event: 5.739 Thread 0x000001cd2116d1b0 Implicit null exception at 0x000001ccc7362d0e to 0x000001ccc7366824
Event: 5.739 Thread 0x000001cd2116d1b0 Implicit null exception at 0x000001ccc732991d to 0x000001ccc732b360
Event: 5.758 Thread 0x000001cd2116d1b0 Exception <a 'java/lang/NoSuchMethodError'{0x0000000621137f80}: 'void java.lang.invoke.DirectMethodHandle$Holder.invokeSpecial(java.lang.Object, java.lang.Object, java.lang.Object, java.lang.Object, java.lang.Object, java.lang.Object)'> (0x0000000621137f80) 
thrown [s\src\hotspot\share\interpreter\linkResolver.cpp, line 773]

ZGC Phase Switch (0 events):
No events

VM Operations (20 events):
Event: 0.724 Executing VM operation: HandshakeAllThreads (Deoptimize)
Event: 0.724 Executing VM operation: HandshakeAllThreads (Deoptimize) done
Event: 0.827 Executing VM operation: ICBufferFull
Event: 0.827 Executing VM operation: ICBufferFull done
Event: 1.437 Executing VM operation: ICBufferFull
Event: 1.437 Executing VM operation: ICBufferFull done
Event: 1.656 Executing VM operation: G1CollectForAllocation (G1 Evacuation Pause)
Event: 1.660 Executing VM operation: G1CollectForAllocation (G1 Evacuation Pause) done
Event: 2.081 Executing VM operation: ICBufferFull
Event: 2.081 Executing VM operation: ICBufferFull done
Event: 2.223 Executing VM operation: ICBufferFull
Event: 2.223 Executing VM operation: ICBufferFull done
Event: 2.503 Executing VM operation: ICBufferFull
Event: 2.503 Executing VM operation: ICBufferFull done
Event: 3.504 Executing VM operation: Cleanup
Event: 3.504 Executing VM operation: Cleanup done
Event: 4.505 Executing VM operation: Cleanup
Event: 4.505 Executing VM operation: Cleanup done
Event: 5.719 Executing VM operation: G1CollectForAllocation (G1 Evacuation Pause)
Event: 5.724 Executing VM operation: G1CollectForAllocation (G1 Evacuation Pause) done

Memory protections (0 events):
No events

Nmethod flushes (0 events):
No events

Events (20 events):
Event: 3.008 Thread 0x000001cd21a5aee0 Thread added: 0x000001cd21a5aee0
Event: 3.008 Thread 0x000001cd21a5aee0 Thread exited: 0x000001cd21a5aee0
Event: 3.008 Thread 0x000001cd21a58e10 Thread added: 0x000001cd21a58e10
Event: 3.008 Thread 0x000001cd21a58e10 Thread exited: 0x000001cd21a58e10
Event: 3.012 Thread 0x000001cd21a580f0 Thread added: 0x000001cd21a580f0
Event: 3.012 Thread 0x000001cd21a580f0 Thread exited: 0x000001cd21a580f0
Event: 3.012 Thread 0x000001cd21a5a1c0 Thread exited: 0x000001cd21a5a1c0
Event: 3.267 Thread 0x000001cd21a538c0 Thread exited: 0x000001cd21a538c0
Event: 3.268 Thread 0x000001cd21a538c0 Thread added: 0x000001cd21a538c0
Event: 3.268 Thread 0x000001cd21a538c0 Thread exited: 0x000001cd21a538c0
Event: 3.268 Thread 0x000001cd21a58e10 Thread added: 0x000001cd21a58e10
Event: 3.268 Thread 0x000001cd21a58e10 Thread exited: 0x000001cd21a58e10
Event: 3.268 Thread 0x000001cd21a54c70 Thread added: 0x000001cd21a54c70
Event: 3.268 Thread 0x000001cd21a54c70 Thread exited: 0x000001cd21a54c70
Event: 3.268 Thread 0x000001cd21a58780 Thread added: 0x000001cd21a58780
Event: 3.268 Thread 0x000001cd21a58780 Thread exited: 0x000001cd21a58780
Event: 3.268 Thread 0x000001cd21a58780 Thread added: 0x000001cd21a58780
Event: 3.268 Thread 0x000001cd21a58780 Thread exited: 0x000001cd21a58780
Event: 3.268 Thread 0x000001cd21a545e0 Thread exited: 0x000001cd21a545e0
Event: 5.196 Thread 0x000001cd21a5cdc0 Thread exited: 0x000001cd21a5cdc0


Dynamic libraries:
0x00007ff79e0b0000 - 0x00007ff79e0be000 	C:\Users\skeel\Documents\cours\Gestion de projet\zulu21.40.17-ca-fx-jdk21.0.6-win_x64\bin\java.exe
0x00007ffe43cd0000 - 0x00007ffe43ec8000 	C:\WINDOWS\SYSTEM32\ntdll.dll
0x00007ffe434d0000 - 0x00007ffe43592000 	C:\WINDOWS\System32\KERNEL32.DLL
0x00007ffe417b0000 - 0x00007ffe41aa6000 	C:\WINDOWS\System32\KERNELBASE.dll
0x00007ffe413e0000 - 0x00007ffe414e0000 	C:\WINDOWS\System32\ucrtbase.dll
0x00007ffe3d5b0000 - 0x00007ffe3d5cb000 	C:\Users\skeel\Documents\cours\Gestion de projet\zulu21.40.17-ca-fx-jdk21.0.6-win_x64\bin\VCRUNTIME140.dll
0x00007ffe3d9a0000 - 0x00007ffe3d9b9000 	C:\Users\skeel\Documents\cours\Gestion de projet\zulu21.40.17-ca-fx-jdk21.0.6-win_x64\bin\jli.dll
0x00007ffe41fa0000 - 0x00007ffe4213d000 	C:\WINDOWS\System32\USER32.dll
0x00007ffe2c6b0000 - 0x00007ffe2c94a000 	C:\WINDOWS\WinSxS\amd64_microsoft.windows.common-controls_6595b64144ccf1df_6.0.19041.4355_none_60b8b9eb71f62e16\COMCTL32.dll
0x00007ffe41360000 - 0x00007ffe41382000 	C:\WINDOWS\System32\win32u.dll
0x00007ffe43a50000 - 0x00007ffe43aee000 	C:\WINDOWS\System32\msvcrt.dll
0x00007ffe434a0000 - 0x00007ffe434cb000 	C:\WINDOWS\System32\GDI32.dll
0x00007ffe41690000 - 0x00007ffe417aa000 	C:\WINDOWS\System32\gdi32full.dll
0x00007ffe415f0000 - 0x00007ffe4168d000 	C:\WINDOWS\System32\msvcp_win.dll
0x00007ffe43730000 - 0x00007ffe4375f000 	C:\WINDOWS\System32\IMM32.DLL
0x00007ffe3e9a0000 - 0x00007ffe3e9ac000 	C:\Users\skeel\Documents\cours\Gestion de projet\zulu21.40.17-ca-fx-jdk21.0.6-win_x64\bin\vcruntime140_1.dll
0x00007ffe3d170000 - 0x00007ffe3d1fe000 	C:\Users\skeel\Documents\cours\Gestion de projet\zulu21.40.17-ca-fx-jdk21.0.6-win_x64\bin\msvcp140.dll
0x00007ffdb5490000 - 0x00007ffdb626d000 	C:\Users\skeel\Documents\cours\Gestion de projet\zulu21.40.17-ca-fx-jdk21.0.6-win_x64\bin\server\jvm.dll
0x00007ffe41dd0000 - 0x00007ffe41e7f000 	C:\WINDOWS\System32\ADVAPI32.dll
0x00007ffe43270000 - 0x00007ffe4330f000 	C:\WINDOWS\System32\sechost.dll
0x00007ffe435a0000 - 0x00007ffe436c3000 	C:\WINDOWS\System32\RPCRT4.dll
0x00007ffe41ab0000 - 0x00007ffe41ad7000 	C:\WINDOWS\System32\bcrypt.dll
0x00007ffe42cf0000 - 0x00007ffe42d5b000 	C:\WINDOWS\System32\WS2_32.dll
0x00007ffe408b0000 - 0x00007ffe408fb000 	C:\WINDOWS\SYSTEM32\POWRPROF.dll
0x00007ffe35820000 - 0x00007ffe35847000 	C:\WINDOWS\SYSTEM32\WINMM.dll
0x00007ffe38bc0000 - 0x00007ffe38bca000 	C:\WINDOWS\SYSTEM32\VERSION.dll
0x00007ffe40720000 - 0x00007ffe40732000 	C:\WINDOWS\SYSTEM32\UMPDC.dll
0x00007ffe3f1c0000 - 0x00007ffe3f1d2000 	C:\WINDOWS\SYSTEM32\kernel.appcore.dll
0x00007ffe3d970000 - 0x00007ffe3d97a000 	C:\Users\skeel\Documents\cours\Gestion de projet\zulu21.40.17-ca-fx-jdk21.0.6-win_x64\bin\jimage.dll
0x00007ffe34190000 - 0x00007ffe34374000 	C:\WINDOWS\SYSTEM32\DBGHELP.DLL
0x00007ffe1a330000 - 0x00007ffe1a364000 	C:\WINDOWS\SYSTEM32\dbgcore.DLL
0x00007ffe41560000 - 0x00007ffe415e2000 	C:\WINDOWS\System32\bcryptPrimitives.dll
0x00007ffe3d940000 - 0x00007ffe3d950000 	C:\Users\skeel\Documents\cours\Gestion de projet\zulu21.40.17-ca-fx-jdk21.0.6-win_x64\bin\instrument.dll
0x00007ffe3d580000 - 0x00007ffe3d5a2000 	C:\Users\skeel\Documents\cours\Gestion de projet\zulu21.40.17-ca-fx-jdk21.0.6-win_x64\bin\java.dll
0x00007ffe42140000 - 0x00007ffe428af000 	C:\WINDOWS\System32\SHELL32.dll
0x00007ffe3f3c0000 - 0x00007ffe3fb63000 	C:\WINDOWS\SYSTEM32\windows.storage.dll
0x00007ffe42990000 - 0x00007ffe42ce5000 	C:\WINDOWS\System32\combase.dll
0x00007ffe40d90000 - 0x00007ffe40dbb000 	C:\WINDOWS\SYSTEM32\Wldp.dll
0x00007ffe428b0000 - 0x00007ffe4297d000 	C:\WINDOWS\System32\OLEAUT32.dll
0x00007ffe43780000 - 0x00007ffe4382d000 	C:\WINDOWS\System32\SHCORE.dll
0x00007ffe439e0000 - 0x00007ffe43a35000 	C:\WINDOWS\System32\shlwapi.dll
0x00007ffe41290000 - 0x00007ffe412b5000 	C:\WINDOWS\SYSTEM32\profapi.dll
0x00007ffe39530000 - 0x00007ffe39607000 	C:\Users\skeel\Documents\cours\Gestion de projet\zulu21.40.17-ca-fx-jdk21.0.6-win_x64\bin\jsvml.dll
0x00007ffe3d070000 - 0x00007ffe3d088000 	C:\Users\skeel\Documents\cours\Gestion de projet\zulu21.40.17-ca-fx-jdk21.0.6-win_x64\bin\zip.dll
0x00007ffe3d0b0000 - 0x00007ffe3d0c2000 	C:\Users\skeel\Documents\cours\Gestion de projet\zulu21.40.17-ca-fx-jdk21.0.6-win_x64\bin\net.dll
0x00007ffe3a480000 - 0x00007ffe3a58a000 	C:\WINDOWS\SYSTEM32\WINHTTP.dll
0x00007ffe40aa0000 - 0x00007ffe40b0c000 	C:\WINDOWS\system32\mswsock.dll
0x00007ffe3d090000 - 0x00007ffe3d0a6000 	C:\Users\skeel\Documents\cours\Gestion de projet\zulu21.40.17-ca-fx-jdk21.0.6-win_x64\bin\nio.dll
0x00007ffe3d050000 - 0x00007ffe3d06a000 	D:\java\IntelliJ IDEA 2024.2.4\bin\breakgen64.dll
0x00007ffe3d8e0000 - 0x00007ffe3d8e9000 	C:\Users\skeel\Documents\cours\Gestion de projet\zulu21.40.17-ca-fx-jdk21.0.6-win_x64\bin\extnet.dll
0x000001ccdbe30000 - 0x000001ccdbe34000 	C:\Users\skeel\Documents\cours\Gestion de projet\zulu21.40.17-ca-fx-jdk21.0.6-win_x64\bin\javafx\api-ms-win-core-console-l1-1-0.dll
0x000001ccdbe40000 - 0x000001ccdbe44000 	C:\Users\skeel\Documents\cours\Gestion de projet\zulu21.40.17-ca-fx-jdk21.0.6-win_x64\bin\javafx\api-ms-win-core-console-l1-2-0.dll
0x000001ccdbe50000 - 0x000001ccdbe54000 	C:\Users\skeel\Documents\cours\Gestion de projet\zulu21.40.17-ca-fx-jdk21.0.6-win_x64\bin\javafx\api-ms-win-core-datetime-l1-1-0.dll
0x000001ccdbe60000 - 0x000001ccdbe64000 	C:\Users\skeel\Documents\cours\Gestion de projet\zulu21.40.17-ca-fx-jdk21.0.6-win_x64\bin\javafx\api-ms-win-core-debug-l1-1-0.dll
0x000001ccdbe70000 - 0x000001ccdbe74000 	C:\Users\skeel\Documents\cours\Gestion de projet\zulu21.40.17-ca-fx-jdk21.0.6-win_x64\bin\javafx\api-ms-win-core-errorhandling-l1-1-0.dll
0x000001ccdbe80000 - 0x000001ccdbe85000 	C:\Users\skeel\Documents\cours\Gestion de projet\zulu21.40.17-ca-fx-jdk21.0.6-win_x64\bin\javafx\api-ms-win-core-file-l1-1-0.dll
0x000001ccdbe90000 - 0x000001ccdbe94000 	C:\Users\skeel\Documents\cours\Gestion de projet\zulu21.40.17-ca-fx-jdk21.0.6-win_x64\bin\javafx\api-ms-win-core-file-l1-2-0.dll
0x000001ccdbea0000 - 0x000001ccdbea4000 	C:\Users\skeel\Documents\cours\Gestion de projet\zulu21.40.17-ca-fx-jdk21.0.6-win_x64\bin\javafx\api-ms-win-core-file-l2-1-0.dll
0x000001ccdbeb0000 - 0x000001ccdbeb4000 	C:\Users\skeel\Documents\cours\Gestion de projet\zulu21.40.17-ca-fx-jdk21.0.6-win_x64\bin\javafx\api-ms-win-core-handle-l1-1-0.dll
0x000001ccdbec0000 - 0x000001ccdbec4000 	C:\Users\skeel\Documents\cours\Gestion de projet\zulu21.40.17-ca-fx-jdk21.0.6-win_x64\bin\javafx\api-ms-win-core-heap-l1-1-0.dll
0x000001ccdbed0000 - 0x000001ccdbed4000 	C:\Users\skeel\Documents\cours\Gestion de projet\zulu21.40.17-ca-fx-jdk21.0.6-win_x64\bin\javafx\api-ms-win-core-interlocked-l1-1-0.dll
0x000001ccdbee0000 - 0x000001ccdbee4000 	C:\Users\skeel\Documents\cours\Gestion de projet\zulu21.40.17-ca-fx-jdk21.0.6-win_x64\bin\javafx\api-ms-win-core-libraryloader-l1-1-0.dll
0x000001ccdbef0000 - 0x000001ccdbef4000 	C:\Users\skeel\Documents\cours\Gestion de projet\zulu21.40.17-ca-fx-jdk21.0.6-win_x64\bin\javafx\api-ms-win-core-localization-l1-2-0.dll
0x000001ccdbf00000 - 0x000001ccdbf04000 	C:\Users\skeel\Documents\cours\Gestion de projet\zulu21.40.17-ca-fx-jdk21.0.6-win_x64\bin\javafx\api-ms-win-core-memory-l1-1-0.dll
0x000001ccdbf10000 - 0x000001ccdbf14000 	C:\Users\skeel\Documents\cours\Gestion de projet\zulu21.40.17-ca-fx-jdk21.0.6-win_x64\bin\javafx\api-ms-win-core-namedpipe-l1-1-0.dll
0x000001ccdbf20000 - 0x000001ccdbf24000 	C:\Users\skeel\Documents\cours\Gestion de projet\zulu21.40.17-ca-fx-jdk21.0.6-win_x64\bin\javafx\api-ms-win-core-processenvironment-l1-1-0.dll
0x000001ccdbf30000 - 0x000001ccdbf34000 	C:\Users\skeel\Documents\cours\Gestion de projet\zulu21.40.17-ca-fx-jdk21.0.6-win_x64\bin\javafx\api-ms-win-core-processthreads-l1-1-0.dll
0x000001ccdbf40000 - 0x000001ccdbf44000 	C:\Users\skeel\Documents\cours\Gestion de projet\zulu21.40.17-ca-fx-jdk21.0.6-win_x64\bin\javafx\api-ms-win-core-processthreads-l1-1-1.dll
0x000001ccdbf50000 - 0x000001ccdbf54000 	C:\Users\skeel\Documents\cours\Gestion de projet\zulu21.40.17-ca-fx-jdk21.0.6-win_x64\bin\javafx\api-ms-win-core-profile-l1-1-0.dll
0x000001ccdbf60000 - 0x000001ccdbf64000 	C:\Users\skeel\Documents\cours\Gestion de projet\zulu21.40.17-ca-fx-jdk21.0.6-win_x64\bin\javafx\api-ms-win-core-rtlsupport-l1-1-0.dll
0x000001ccdbf70000 - 0x000001ccdbf74000 	C:\Users\skeel\Documents\cours\Gestion de projet\zulu21.40.17-ca-fx-jdk21.0.6-win_x64\bin\javafx\api-ms-win-core-string-l1-1-0.dll
0x000001ccdbf80000 - 0x000001ccdbf84000 	C:\Users\skeel\Documents\cours\Gestion de projet\zulu21.40.17-ca-fx-jdk21.0.6-win_x64\bin\javafx\api-ms-win-core-synch-l1-1-0.dll
0x000001ccdbf90000 - 0x000001ccdbf94000 	C:\Users\skeel\Documents\cours\Gestion de projet\zulu21.40.17-ca-fx-jdk21.0.6-win_x64\bin\javafx\api-ms-win-core-synch-l1-2-0.dll
0x000001ccdbfa0000 - 0x000001ccdbfa4000 	C:\Users\skeel\Documents\cours\Gestion de projet\zulu21.40.17-ca-fx-jdk21.0.6-win_x64\bin\javafx\api-ms-win-core-sysinfo-l1-1-0.dll
0x000001ccdbfb0000 - 0x000001ccdbfb4000 	C:\Users\skeel\Documents\cours\Gestion de projet\zulu21.40.17-ca-fx-jdk21.0.6-win_x64\bin\javafx\api-ms-win-core-timezone-l1-1-0.dll
0x000001ccdbfc0000 - 0x000001ccdbfc4000 	C:\Users\skeel\Documents\cours\Gestion de projet\zulu21.40.17-ca-fx-jdk21.0.6-win_x64\bin\javafx\api-ms-win-core-util-l1-1-0.dll
0x000001ccdbfd0000 - 0x000001ccdbfd4000 	C:\Users\skeel\Documents\cours\Gestion de projet\zulu21.40.17-ca-fx-jdk21.0.6-win_x64\bin\javafx\api-ms-win-crt-conio-l1-1-0.dll
0x000001ccdbfe0000 - 0x000001ccdbfe5000 	C:\Users\skeel\Documents\cours\Gestion de projet\zulu21.40.17-ca-fx-jdk21.0.6-win_x64\bin\javafx\api-ms-win-crt-convert-l1-1-0.dll
0x000001ccdbff0000 - 0x000001ccdbff4000 	C:\Users\skeel\Documents\cours\Gestion de projet\zulu21.40.17-ca-fx-jdk21.0.6-win_x64\bin\javafx\api-ms-win-crt-environment-l1-1-0.dll
0x000001cd21c00000 - 0x000001cd21c04000 	C:\Users\skeel\Documents\cours\Gestion de projet\zulu21.40.17-ca-fx-jdk21.0.6-win_x64\bin\javafx\api-ms-win-crt-filesystem-l1-1-0.dll
0x000001cd21c10000 - 0x000001cd21c14000 	C:\Users\skeel\Documents\cours\Gestion de projet\zulu21.40.17-ca-fx-jdk21.0.6-win_x64\bin\javafx\api-ms-win-crt-heap-l1-1-0.dll
0x000001cd21c20000 - 0x000001cd21c24000 	C:\Users\skeel\Documents\cours\Gestion de projet\zulu21.40.17-ca-fx-jdk21.0.6-win_x64\bin\javafx\api-ms-win-crt-locale-l1-1-0.dll
0x000001cd21c30000 - 0x000001cd21c36000 	C:\Users\skeel\Documents\cours\Gestion de projet\zulu21.40.17-ca-fx-jdk21.0.6-win_x64\bin\javafx\api-ms-win-crt-math-l1-1-0.dll
0x000001cd21c40000 - 0x000001cd21c46000 	C:\Users\skeel\Documents\cours\Gestion de projet\zulu21.40.17-ca-fx-jdk21.0.6-win_x64\bin\javafx\api-ms-win-crt-multibyte-l1-1-0.dll
0x000001cd21c50000 - 0x000001cd21c61000 	C:\Users\skeel\Documents\cours\Gestion de projet\zulu21.40.17-ca-fx-jdk21.0.6-win_x64\bin\javafx\api-ms-win-crt-private-l1-1-0.dll
0x000001cd21c70000 - 0x000001cd21c74000 	C:\Users\skeel\Documents\cours\Gestion de projet\zulu21.40.17-ca-fx-jdk21.0.6-win_x64\bin\javafx\api-ms-win-crt-process-l1-1-0.dll
0x000001cd21c80000 - 0x000001cd21c85000 	C:\Users\skeel\Documents\cours\Gestion de projet\zulu21.40.17-ca-fx-jdk21.0.6-win_x64\bin\javafx\api-ms-win-crt-runtime-l1-1-0.dll
0x000001cd21c90000 - 0x000001cd21c95000 	C:\Users\skeel\Documents\cours\Gestion de projet\zulu21.40.17-ca-fx-jdk21.0.6-win_x64\bin\javafx\api-ms-win-crt-stdio-l1-1-0.dll
0x000001cd21ca0000 - 0x000001cd21ca5000 	C:\Users\skeel\Documents\cours\Gestion de projet\zulu21.40.17-ca-fx-jdk21.0.6-win_x64\bin\javafx\api-ms-win-crt-string-l1-1-0.dll
0x000001cd21cb0000 - 0x000001cd21cb4000 	C:\Users\skeel\Documents\cours\Gestion de projet\zulu21.40.17-ca-fx-jdk21.0.6-win_x64\bin\javafx\api-ms-win-crt-time-l1-1-0.dll
0x000001cd21cc0000 - 0x000001cd21cc4000 	C:\Users\skeel\Documents\cours\Gestion de projet\zulu21.40.17-ca-fx-jdk21.0.6-win_x64\bin\javafx\api-ms-win-crt-utility-l1-1-0.dll
0x00007ffe39420000 - 0x00007ffe39530000 	C:\Users\skeel\Documents\cours\Gestion de projet\zulu21.40.17-ca-fx-jdk21.0.6-win_x64\bin\javafx\ucrtbase.dll
0x00007ffe3d030000 - 0x00007ffe3d04b000 	C:\Users\skeel\Documents\cours\Gestion de projet\zulu21.40.17-ca-fx-jdk21.0.6-win_x64\bin\javafx\vcruntime140.dll
0x00007ffe3d7f0000 - 0x00007ffe3d7fc000 	C:\Users\skeel\Documents\cours\Gestion de projet\zulu21.40.17-ca-fx-jdk21.0.6-win_x64\bin\javafx\vcruntime140_1.dll
0x00007ffe392b0000 - 0x00007ffe3933e000 	C:\Users\skeel\Documents\cours\Gestion de projet\zulu21.40.17-ca-fx-jdk21.0.6-win_x64\bin\javafx\msvcp140.dll
0x00007ffe3d470000 - 0x00007ffe3d479000 	C:\Users\skeel\Documents\cours\Gestion de projet\zulu21.40.17-ca-fx-jdk21.0.6-win_x64\bin\javafx\msvcp140_1.dll
0x00007ffe3cf50000 - 0x00007ffe3cf91000 	C:\Users\skeel\Documents\cours\Gestion de projet\zulu21.40.17-ca-fx-jdk21.0.6-win_x64\bin\javafx\msvcp140_2.dll
0x00007ffe393f0000 - 0x00007ffe39420000 	C:\Users\skeel\Documents\cours\Gestion de projet\zulu21.40.17-ca-fx-jdk21.0.6-win_x64\bin\javafx\prism_d3d.dll
0x00007ffde4250000 - 0x00007ffde4421000 	C:\WINDOWS\system32\d3d9.dll
0x00007ffe3efe0000 - 0x00007ffe3f00f000 	C:\WINDOWS\SYSTEM32\dwmapi.dll
0x00007ffe3ec30000 - 0x00007ffe3ecce000 	C:\WINDOWS\system32\uxtheme.dll
0x00007ffe31c60000 - 0x00007ffe31d22000 	C:\WINDOWS\System32\DriverStore\FileRepository\nv_dispi.inf_amd64_1e8724cced6e93d4\nvldumdx.dll
0x00007ffe40f20000 - 0x00007ffe40f32000 	C:\WINDOWS\SYSTEM32\msasn1.dll
0x00007ffe387b0000 - 0x00007ffe387e1000 	C:\WINDOWS\SYSTEM32\cryptnet.dll
0x00007ffe41ae0000 - 0x00007ffe41c3d000 	C:\WINDOWS\System32\CRYPT32.dll
0x00007ffe40c70000 - 0x00007ffe40c7c000 	C:\WINDOWS\SYSTEM32\cryptbase.dll
0x00007ffe38660000 - 0x00007ffe387a7000 	C:\WINDOWS\SYSTEM32\drvstore.dll
0x00007ffe410f0000 - 0x00007ffe41123000 	C:\WINDOWS\SYSTEM32\devobj.dll
0x00007ffe41390000 - 0x00007ffe413de000 	C:\WINDOWS\System32\cfgmgr32.dll
0x00007ffe414e0000 - 0x00007ffe41553000 	C:\WINDOWS\System32\wintrust.dll
0x00007ffe43760000 - 0x00007ffe4377d000 	C:\WINDOWS\System32\imagehlp.dll
0x00007ffe40c50000 - 0x00007ffe40c68000 	C:\WINDOWS\SYSTEM32\CRYPTSP.dll
0x00007ffe40360000 - 0x00007ffe40398000 	C:\WINDOWS\system32\rsaenh.dll
0x00007ffe2dd50000 - 0x00007ffe314ea000 	C:\WINDOWS\System32\DriverStore\FileRepository\nv_dispi.inf_amd64_1e8724cced6e93d4\nvgpucomp64.dll
0x00007ffe43b60000 - 0x00007ffe43c8b000 	C:\WINDOWS\System32\ole32.dll
0x00007ffe2c300000 - 0x00007ffe2c3d7000 	C:\WINDOWS\System32\DriverStore\FileRepository\nv_dispi.inf_amd64_1e8724cced6e93d4\NvMemMapStoragex.dll
0x00007ffdd8010000 - 0x00007ffdda0d7000 	C:\WINDOWS\System32\DriverStore\FileRepository\nv_dispi.inf_amd64_1e8724cced6e93d4\nvd3dumx.dll
0x00007ffe39260000 - 0x00007ffe392a5000 	C:\Users\skeel\Documents\cours\Gestion de projet\zulu21.40.17-ca-fx-jdk21.0.6-win_x64\bin\javafx\glass.dll
0x00007ffe433c0000 - 0x00007ffe4349a000 	C:\WINDOWS\System32\COMDLG32.dll
0x00007ffe41e80000 - 0x00007ffe41f95000 	C:\WINDOWS\System32\MSCTF.dll
0x00007ffde1360000 - 0x00007ffde165b000 	C:\WINDOWS\system32\nvspcap64.dll
0x00007ffe405b0000 - 0x00007ffe405e3000 	C:\WINDOWS\SYSTEM32\ntmarta.dll
0x00007ffe3fb80000 - 0x00007ffe3fba3000 	C:\WINDOWS\SYSTEM32\gpapi.dll
0x00007ffde0ae0000 - 0x00007ffde0c94000 	C:\WINDOWS\System32\DriverStore\FileRepository\nv_dispi.inf_amd64_1e8724cced6e93d4\nvppex.dll
0x00007ffe334e0000 - 0x00007ffe3351b000 	C:\WINDOWS\SYSTEM32\dxcore.dll
0x00007ffe43310000 - 0x00007ffe433b9000 	C:\WINDOWS\System32\clbcatq.dll
0x00007ffe33780000 - 0x00007ffe338bf000 	C:\Windows\System32\Windows.UI.dll
0x00007ffe372f0000 - 0x00007ffe37391000 	C:\Windows\System32\WindowManagementAPI.dll

dbghelp: loaded successfully - version: 4.0.5 - missing functions: none
symbol engine: initialized successfully - sym options: 0x614 - pdb path: .;C:\Users\skeel\Documents\cours\Gestion de projet\zulu21.40.17-ca-fx-jdk21.0.6-win_x64\bin;C:\WINDOWS\SYSTEM32;C:\WINDOWS\WinSxS\amd64_microsoft.windows.common-controls_6595b64144ccf1df_6.0.19041.4355_none_60b8b9eb71f62e16;C:\Users\skeel\Documents\cours\Gestion de projet\zulu21.40.17-ca-fx-jdk21.0.6-win_x64\bin\server;D:\java\IntelliJ IDEA 2024.2.4\bin;C:\Users\skeel\Documents\cours\Gestion de projet\zulu21.40.17-ca-fx-jdk21.0.6-win_x64\bin\javafx;C:\WINDOWS\System32\DriverStore\FileRepository\nv_dispi.inf_amd64_1e8724cced6e93d4;C:\Program Files\Common Files\Microsoft Shared\Ink

VM Arguments:
jvm_args: -javaagent:D:\java\IntelliJ IDEA 2024.2.4\lib\idea_rt.jar=55562:D:\java\IntelliJ IDEA 2024.2.4\bin -Dfile.encoding=UTF-8 -Dsun.stdout.encoding=UTF-8 -Dsun.stderr.encoding=UTF-8 
java_command: Main
java_class_path (initial): C:\Users\skeel\Documents\cours\POO\Splash_JAVA_FX\out\production\Splash_JAVA_FX
Launcher Type: SUN_STANDARD

[Global flags]
     intx CICompilerCount                          = 12                                        {product} {ergonomic}
     uint ConcGCThreads                            = 3                                         {product} {ergonomic}
     uint G1ConcRefinementThreads                  = 13                                        {product} {ergonomic}
   size_t G1HeapRegionSize                         = 4194304                                   {product} {ergonomic}
    uintx GCDrainStackTargetSize                   = 64                                        {product} {ergonomic}
   size_t InitialHeapSize                          = 536870912                                 {product} {ergonomic}
   size_t MarkStackSize                            = 4194304                                   {product} {ergonomic}
   size_t MaxHeapSize                              = 8568963072                                {product} {ergonomic}
   size_t MaxNewSize                               = 5138022400                                {product} {ergonomic}
   size_t MinHeapDeltaBytes                        = 4194304                                   {product} {ergonomic}
   size_t MinHeapSize                              = 8388608                                   {product} {ergonomic}
    uintx NonNMethodCodeHeapSize                   = 7602480                                {pd product} {ergonomic}
    uintx NonProfiledCodeHeapSize                  = 122027880                              {pd product} {ergonomic}
    uintx ProfiledCodeHeapSize                     = 122027880                              {pd product} {ergonomic}
    uintx ReservedCodeCacheSize                    = 251658240                              {pd product} {ergonomic}
     bool SegmentedCodeCache                       = true                                      {product} {ergonomic}
   size_t SoftMaxHeapSize                          = 8568963072                             {manageable} {ergonomic}
     bool UseCompressedOops                        = true                           {product lp64_product} {ergonomic}
     bool UseG1GC                                  = true                                      {product} {ergonomic}
     bool UseLargePagesIndividualAllocation        = false                                  {pd product} {ergonomic}

Logging:
Log output configuration:
 #0: stdout all=warning uptime,level,tags foldmultilines=false
 #1: stderr all=off uptime,level,tags foldmultilines=false

Environment Variables:
PATH=C:\Program Files (x86)\Common Files\Oracle\Java\javapath;C:\Program Files (x86)\Common Files\Intel\Shared Libraries\redist\intel64\compiler;C:\WINDOWS\system32;C:\WINDOWS;C:\WINDOWS\System32\Wbem;C:\WINDOWS\System32\WindowsPowerShell\v1.0\;C:\WINDOWS\System32\OpenSSH\;C:\Program Files (x86)\NVIDIA Corporation\PhysX\Common;C:\Program Files\dotnet\;C:\Program Files\Docker\Docker\resources\bin;C:\Program Files\NVIDIA Corporation\NVIDIA app\NvDLISR;C:\Program Files\doxygen\bin;C:\Program Files\Git\cmd;C:\Users\skeel\AppData\Local\Programs\Python\Python311\Scripts\;C:\Users\skeel\AppData\Local\Programs\Python\Python311\;C:\Users\skeel\AppData\Local\Microsoft\WindowsApps;C:\Program Files\Git\cmd;
USERNAME=skeel
OS=Windows_NT
PROCESSOR_IDENTIFIER=AMD64 Family 25 Model 33 Stepping 2, AuthenticAMD
TMP=C:\Users\skeel\AppData\Local\Temp
TEMP=C:\Users\skeel\AppData\Local\Temp




Periodic native trim disabled

---------------  S Y S T E M  ---------------

OS:
 Windows 10 , 64 bit Build 19041 (10.0.19041.5678)
OS uptime: 2 days 5:53 hours
Hyper-V role detected

CPU: total 16 (initial active 16) (16 cores per cpu, 2 threads per core) family 25 model 33 stepping 2 microcode 0x0, cx8, cmov, fxsr, ht, mmx, 3dnowpref, sse, sse2, sse3, ssse3, sse4a, sse4.1, sse4.2, popcnt, lzcnt, tsc, tscinvbit, avx, avx2, aes, erms, clmul, bmi1, bmi2, adx, sha, fma, vzeroupper, clflush, clflushopt, hv, rdtscp, rdpid, fsrm, f16c, cet_ss
Processor Information for the first 16 processors :
  Max Mhz: 3801, Current Mhz: 3801, Mhz Limit: 3801

Memory: 4k page, system-wide physical 32672M (15986M free)
TotalPageFile size 37536M (AvailPageFile size 11044M)
current process WorkingSet (physical memory assigned to process): 297M, peak: 532M
current process commit charge ("private bytes"): 785M, peak: 1107M

vm_info: OpenJDK 64-Bit Server VM (21.0.6+7-LTS) for windows-amd64 JRE (21.0.6+7-LTS) (Zulu21.40+17-CA), built on 2025-01-07T13:05:06Z by "zulu_re" with MS VC++ 17.1 (VS2022)

END.
